가,ㄱㅏᴥ
가게,ㄱㅏᴥㄱㅔᴥ
가격,ㄱㅏᴥㄱㅕㄱᴥ
가까스로,ㄱㅏᴥㄲㅏᴥㅅㅡᴥㄹㅗᴥ
가네,ㄱㅏᴥㄴㅔᴥ
가능,ㄱㅏᴥㄴㅡㅇᴥ
가뜩,ㄱㅏᴥㄸㅡㄱᴥ
가령,ㄱㅏᴥㄹㅕㅇᴥ
가변,ㄱㅏᴥㅂㅕㄴᴥ
가시,ㄱㅏᴥㅅㅣᴥ
가십,ㄱㅏᴥㅅㅣㅂᴥ
가입,ㄱㅏᴥㅇㅣㅂᴥ
가정,ㄱㅏᴥㅈㅓㅇᴥ
가족,ㄱㅏᴥㅈㅗㄱᴥ
가지,ㄱㅏᴥㅈㅣᴥ
가지각색,ㄱㅏᴥㅈㅣᴥㄱㅏㄱᴥㅅㅐㄱᴥ
가치,ㄱㅏᴥㅊㅣᴥ
각,ㄱㅏㄱᴥ
각각,ㄱㅏㄱᴥㄱㅏㄱᴥ
각국,ㄱㅏㄱᴥㄱㅜㄱᴥ
각자,ㄱㅏㄱᴥㅈㅏᴥ
각종,ㄱㅏㄱᴥㅈㅗㅇᴥ
각주,ㄱㅏㄱᴥㅈㅜᴥ
간,ㄱㅏㄴᴥ
간격,ㄱㅏㄴᴥㄱㅕㄱᴥ
간주,ㄱㅏㄴᴥㅈㅜᴥ
감,ㄱㅏㅁᴥ
감사,ㄱㅏㅁᴥㅅㅏᴥ
감소,ㄱㅏㅁᴥㅅㅗᴥ
값,ㄱㅏㅄᴥ
값어치,ㄱㅏㅄᴥㅇㅓᴥㅊㅣᴥ
강,ㄱㅏㅇᴥ
강의,ㄱㅏㅇᴥㅇㅢᴥ
강점,ㄱㅏㅇᴥㅈㅓㅁᴥ
강제,ㄱㅏㅇᴥㅈㅔᴥ
강조,ㄱㅏㅇᴥㅈㅗᴥ
강좌,ㄱㅏㅇᴥㅈㅘᴥ
강화,ㄱㅏㅇᴥㅎㅘᴥ
같다,ㄱㅏㅌᴥㄷㅏᴥ
같이,ㄱㅏㅌᴥㅇㅣᴥ
개,ㄱㅐᴥ
개념,ㄱㅐᴥㄴㅕㅁᴥ
개발,ㄱㅐᴥㅂㅏㄹᴥ
개별,ㄱㅐᴥㅂㅕㄹᴥ
개수,ㄱㅐᴥㅅㅜᴥ
개요,ㄱㅐᴥㅇㅛᴥ
개의치,ㄱㅐᴥㅇㅢᴥㅊㅣᴥ
개의치않고,ㄱㅐᴥㅇㅢᴥㅊㅣᴥㅇㅏㄶᴥㄱㅗᴥ
개인,ㄱㅐᴥㅇㅣㄴᴥ
개점,ㄱㅐᴥㅈㅓㅁᴥ
개정,ㄱㅐᴥㅈㅓㅇᴥ
거기,ㄱㅓᴥㄱㅣᴥ
거니와,ㄱㅓᴥㄴㅣᴥㅇㅘᴥ
거대,ㄱㅓᴥㄷㅐᴥ
거리,ㄱㅓᴥㄹㅣᴥ
거바,ㄱㅓᴥㅂㅏᴥ
거의,ㄱㅓᴥㅇㅢᴥ
거짓,ㄱㅓᴥㅈㅣㅅᴥ
건물,ㄱㅓㄴᴥㅁㅜㄹᴥ
것,ㄱㅓㅅᴥ
것들,ㄱㅓㅅᴥㄷㅡㄹᴥ
게다가,ㄱㅔᴥㄷㅏᴥㄱㅏᴥ
게시판,ㄱㅔᴥㅅㅣᴥㅍㅏㄴᴥ
게우다,ㄱㅔᴥㅇㅜᴥㄷㅏᴥ
겨우,ㄱㅕᴥㅇㅜᴥ
견지에서,ㄱㅕㄴᴥㅈㅣᴥㅇㅔᴥㅅㅓᴥ
결과,ㄱㅕㄹᴥㄱㅘᴥ
결과물,ㄱㅕㄹᴥㄱㅘᴥㅁㅜㄹᴥ
결국,ㄱㅕㄹᴥㄱㅜㄱᴥ
결정,ㄱㅕㄹᴥㅈㅓㅇᴥ
결코,ㄱㅕㄹᴥㅋㅗᴥ
결함,ㄱㅕㄹᴥㅎㅏㅁᴥ
결혼,ㄱㅕㄹᴥㅎㅗㄴᴥ
겸사겸사,ㄱㅕㅁᴥㅅㅏᴥㄱㅕㅁᴥㅅㅏᴥ
경로,ㄱㅕㅇᴥㄹㅗᴥ
경우,ㄱㅕㅇᴥㅇㅜᴥ
경쟁,ㄱㅕㅇᴥㅈㅐㅇᴥ
경험,ㄱㅕㅇᴥㅎㅓㅁᴥ
계산,ㄱㅖᴥㅅㅏㄴᴥ
계속,ㄱㅖᴥㅅㅗㄱᴥ
계절,ㄱㅖᴥㅈㅓㄹᴥ
계획,ㄱㅖᴥㅎㅚㄱᴥ
고,ㄱㅗᴥ
고등학교,ㄱㅗᴥㄷㅡㅇᴥㅎㅏㄱᴥㄱㅛᴥ
고등학생,ㄱㅗᴥㄷㅡㅇᴥㅎㅏㄱᴥㅅㅐㅇᴥ
고려,ㄱㅗᴥㄹㅕᴥ
고려하면,ㄱㅗᴥㄹㅕᴥㅎㅏᴥㅁㅕㄴᴥ
고로,ㄱㅗᴥㄹㅗᴥ
고모,ㄱㅗᴥㅁㅗᴥ
고모부,ㄱㅗᴥㅁㅗᴥㅂㅜᴥ
고사,ㄱㅗᴥㅅㅏᴥ
고사장,ㄱㅗᴥㅅㅏᴥㅈㅏㅇᴥ
고속도로,ㄱㅗᴥㅅㅗㄱᴥㄷㅗᴥㄹㅗᴥ
고정,ㄱㅗᴥㅈㅓㅇᴥ
곧,ㄱㅗㄷᴥ
곱하기,ㄱㅗㅂᴥㅎㅏᴥㄱㅣᴥ
곳,ㄱㅗㅅᴥ
공간,ㄱㅗㅇᴥㄱㅏㄴᴥ
공개,ㄱㅗㅇᴥㄱㅐᴥ
공공,ㄱㅗㅇᴥㄱㅗㅇᴥ
공동,ㄱㅗㅇᴥㄷㅗㅇᴥ
공동으로,ㄱㅗㅇᴥㄷㅗㅇᴥㅇㅡᴥㄹㅗᴥ
공부,ㄱㅗㅇᴥㅂㅜᴥ
공식,ㄱㅗㅇᴥㅅㅣㄱᴥ
공유,ㄱㅗㅇᴥㅇㅠᴥ
공장,ㄱㅗㅇᴥㅈㅏㅇᴥ
공통,ㄱㅗㅇᴥㅌㅗㅇᴥ
공통점,ㄱㅗㅇᴥㅌㅗㅇᴥㅈㅓㅁᴥ
과,ㄱㅘᴥ
과거,ㄱㅘᴥㄱㅓᴥ
과업,ㄱㅘᴥㅇㅓㅂᴥ
과연,ㄱㅘᴥㅇㅕㄴᴥ
과일,ㄱㅘᴥㅇㅣㄹᴥ
과정,ㄱㅘᴥㅈㅓㅇᴥ
관,ㄱㅘㄴᴥ
관계,ㄱㅘㄴᴥㄱㅖᴥ
관계없이,ㄱㅘㄴᴥㄱㅖᴥㅇㅓㅄᴥㅇㅣᴥ
관계자,ㄱㅘㄴᴥㄱㅖᴥㅈㅏᴥ
관련,ㄱㅘㄴᴥㄹㅕㄴᴥ
관리,ㄱㅘㄴᴥㄹㅣᴥ
관망,ㄱㅘㄴᴥㅁㅏㅇᴥ
관심,ㄱㅘㄴᴥㅅㅣㅁᴥ
관심사,ㄱㅘㄴᴥㅅㅣㅁᴥㅅㅏᴥ
관여,ㄱㅘㄴᴥㅇㅕᴥ
관점,ㄱㅘㄴᴥㅈㅓㅁᴥ
관하여,ㄱㅘㄴᴥㅎㅏᴥㅇㅕᴥ
관한,ㄱㅘㄴᴥㅎㅏㄴᴥ
광경,ㄱㅘㅇᴥㄱㅕㅇᴥ
교대,ㄱㅛᴥㄷㅐᴥ
교수,ㄱㅛᴥㅅㅜᴥ
교시,ㄱㅛᴥㅅㅣᴥ
교외,ㄱㅛᴥㅇㅚᴥ
교재,ㄱㅛᴥㅈㅐᴥ
교환,ㄱㅛᴥㅎㅘㄴᴥ
구,ㄱㅜᴥ
구경,ㄱㅜᴥㄱㅕㅇᴥ
구문,ㄱㅜᴥㅁㅜㄴᴥ
구별,ㄱㅜᴥㅂㅕㄹᴥ
구분,ㄱㅜᴥㅂㅜㄴᴥ
구성,ㄱㅜᴥㅅㅓㅇᴥ
구성원,ㄱㅜᴥㅅㅓㅇᴥㅇㅝㄴᴥ
구조,ㄱㅜᴥㅈㅗᴥ
구체적으로,ㄱㅜᴥㅊㅔᴥㅈㅓㄱᴥㅇㅡᴥㄹㅗᴥ
구축,ㄱㅜᴥㅊㅜㄱᴥ
구토하다,ㄱㅜᴥㅌㅗᴥㅎㅏᴥㄷㅏᴥ
구현,ㄱㅜᴥㅎㅕㄴᴥ
국,ㄱㅜㄱᴥ
국가,ㄱㅜㄱᴥㄱㅏᴥ
국내,ㄱㅜㄱᴥㄴㅐᴥ
군인,ㄱㅜㄴᴥㅇㅣㄴᴥ
궁극,ㄱㅜㅇᴥㄱㅡㄱᴥ
궤,ㄱㅞᴥ
규,ㄱㅠᴥ
규칙,ㄱㅠᴥㅊㅣㄱᴥ
균형,ㄱㅠㄴᴥㅎㅕㅇᴥ
그,ㄱㅡᴥ
그간,ㄱㅡᴥㄱㅏㄴᴥ
그것,ㄱㅡᴥㄱㅓㅅᴥ
그날,ㄱㅡᴥㄴㅏㄹᴥ
그들,ㄱㅡᴥㄷㅡㄹᴥ
그때,ㄱㅡᴥㄸㅐᴥ
그때그때,ㄱㅡᴥㄸㅐᴥㄱㅡᴥㄸㅐᴥ
그래,ㄱㅡᴥㄹㅐᴥ
그래도,ㄱㅡᴥㄹㅐᴥㄷㅗᴥ
그래서,ㄱㅡᴥㄹㅐᴥㅅㅓᴥ
그래프,ㄱㅡᴥㄹㅐᴥㅍㅡᴥ
그러나,ㄱㅡᴥㄹㅓᴥㄴㅏᴥ
그러니,ㄱㅡᴥㄹㅓᴥㄴㅣᴥ
그러니까,ㄱㅡᴥㄹㅓᴥㄴㅣᴥㄲㅏᴥ
그러면,ㄱㅡᴥㄹㅓᴥㅁㅕㄴᴥ
그러므로,ㄱㅡᴥㄹㅓᴥㅁㅡᴥㄹㅗᴥ
그러하나,ㄱㅡᴥㄹㅓᴥㅎㅏᴥㄴㅏᴥ
그러한즉,ㄱㅡᴥㄹㅓᴥㅎㅏㄴᴥㅈㅡㄱᴥ
그런,ㄱㅡᴥㄹㅓㄴᴥ
그런데,ㄱㅡᴥㄹㅓㄴᴥㄷㅔᴥ
그런즉,ㄱㅡᴥㄹㅓㄴᴥㅈㅡㄱᴥ
그럼,ㄱㅡᴥㄹㅓㅁᴥ
그럼에도,ㄱㅡᴥㄹㅓㅁᴥㅇㅔᴥㄷㅗᴥ
그렇게,ㄱㅡᴥㄹㅓㅎᴥㄱㅔᴥ
그렇지,ㄱㅡᴥㄹㅓㅎᴥㅈㅣᴥ
그렇지만,ㄱㅡᴥㄹㅓㅎᴥㅈㅣᴥㅁㅏㄴᴥ
그렇지않으면,ㄱㅡᴥㄹㅓㅎᴥㅈㅣᴥㅇㅏㄶᴥㅇㅡᴥㅁㅕㄴᴥ
그룹,ㄱㅡᴥㄹㅜㅂᴥ
그리,ㄱㅡᴥㄹㅣᴥ
그리고,ㄱㅡᴥㄹㅣᴥㄱㅗᴥ
그리하여,ㄱㅡᴥㄹㅣᴥㅎㅏᴥㅇㅕᴥ
그림,ㄱㅡᴥㄹㅣㅁᴥ
그에 따르는,ㄱㅡᴥㅇㅔᴥ ㄸㅏᴥㄹㅡᴥㄴㅡㄴᴥ
그저,ㄱㅡᴥㅈㅓᴥ
그중에서,ㄱㅡᴥㅈㅜㅇᴥㅇㅔᴥㅅㅓᴥ
극,ㄱㅡㄱᴥ
극복,ㄱㅡㄱᴥㅂㅗㄱᴥ
근거하여,ㄱㅡㄴᴥㄱㅓᴥㅎㅏᴥㅇㅕᴥ
근데,ㄱㅡㄴᴥㄷㅔᴥ
근접,ㄱㅡㄴᴥㅈㅓㅂᴥ
글,ㄱㅡㄹᴥ
금지,ㄱㅡㅁᴥㅈㅣᴥ
긍정,ㄱㅡㅇᴥㅈㅓㅇᴥ
기,ㄱㅣᴥ
기계,ㄱㅣᴥㄱㅖᴥ
기관,ㄱㅣᴥㄱㅘㄴᴥ
기능,ㄱㅣᴥㄴㅡㅇᴥ
기대,ㄱㅣᴥㄷㅐᴥ
기대여,ㄱㅣᴥㄷㅐᴥㅇㅕᴥ
기반,ㄱㅣᴥㅂㅏㄴᴥ
기법,ㄱㅣᴥㅂㅓㅂᴥ
기본,ㄱㅣᴥㅂㅗㄴᴥ
기술,ㄱㅣᴥㅅㅜㄹᴥ
기억,ㄱㅣᴥㅇㅓㄱᴥ
기업,ㄱㅣᴥㅇㅓㅂᴥ
기여,ㄱㅣᴥㅇㅕᴥ
기울기,ㄱㅣᴥㅇㅜㄹᴥㄱㅣᴥ
기원,ㄱㅣᴥㅇㅝㄴᴥ
기입,ㄱㅣᴥㅇㅣㅂᴥ
기점,ㄱㅣᴥㅈㅓㅁᴥ
기점으로,ㄱㅣᴥㅈㅓㅁᴥㅇㅡᴥㄹㅗᴥ
기존,ㄱㅣᴥㅈㅗㄴᴥ
기준,ㄱㅣᴥㅈㅜㄴᴥ
기준으로,ㄱㅣᴥㅈㅜㄴᴥㅇㅡᴥㄹㅗᴥ
기차,ㄱㅣᴥㅊㅏᴥ
기초,ㄱㅣᴥㅊㅗᴥ
기타,ㄱㅣᴥㅌㅏᴥ
기호,ㄱㅣᴥㅎㅗᴥ
기회,ㄱㅣᴥㅎㅚᴥ
길,ㄱㅣㄹᴥ
길이,ㄱㅣㄹᴥㅇㅣᴥ
김,ㄱㅣㅁᴥ
까닭,ㄲㅏᴥㄷㅏㄺᴥ
까닭에,ㄲㅏᴥㄷㅏㄺᴥㅇㅔᴥ
까악,ㄲㅏᴥㅇㅏㄱᴥ
까지,ㄲㅏᴥㅈㅣᴥ
까지도,ㄲㅏᴥㅈㅣᴥㄷㅗᴥ
꼬리말,ㄲㅗᴥㄹㅣᴥㅁㅏㄹᴥ
꽈당,ㄲㅘᴥㄷㅏㅇᴥ
끙끙,ㄲㅡㅇᴥㄲㅡㅇᴥ
끝,ㄲㅡㅌᴥ
나,ㄴㅏᴥ
나누기,ㄴㅏᴥㄴㅜᴥㄱㅣᴥ
나는,ㄴㅏᴥㄴㅡㄴᴥ
나라,ㄴㅏᴥㄹㅏᴥ
나를,ㄴㅏᴥㄹㅡㄹᴥ
나머지,ㄴㅏᴥㅁㅓᴥㅈㅣᴥ
나머지는,ㄴㅏᴥㅁㅓᴥㅈㅣᴥㄴㅡㄴᴥ
나열,ㄴㅏᴥㅇㅕㄹᴥ
나오,ㄴㅏᴥㅇㅗᴥ
나이,ㄴㅏᴥㅇㅣᴥ
나중,ㄴㅏᴥㅈㅜㅇᴥ
나흘,ㄴㅏᴥㅎㅡㄹᴥ
날,ㄴㅏㄹᴥ
날짜,ㄴㅏㄹᴥㅉㅏᴥ
남,ㄴㅏㅁᴥ
남극,ㄴㅏㅁᴥㄱㅡㄱᴥ
남들,ㄴㅏㅁᴥㄷㅡㄹᴥ
남매,ㄴㅏㅁᴥㅁㅐᴥ
남북,ㄴㅏㅁᴥㅂㅜㄱᴥ
남음,ㄴㅏㅁᴥㅇㅡㅁᴥ
남자,ㄴㅏㅁᴥㅈㅏᴥ
남짓,ㄴㅏㅁᴥㅈㅣㅅᴥ
남편,ㄴㅏㅁᴥㅍㅕㄴᴥ
낫다,ㄴㅏㅅᴥㄷㅏᴥ
낭,ㄴㅏㅇᴥ
내,ㄴㅐᴥ
내가,ㄴㅐᴥㄱㅏᴥ
내국,ㄴㅐᴥㄱㅜㄱᴥ
내부,ㄴㅐᴥㅂㅜᴥ
내용,ㄴㅐᴥㅇㅛㅇᴥ
냇가,ㄴㅐㅅᴥㄱㅏᴥ
냇물,ㄴㅐㅅᴥㅁㅜㄹᴥ
너,ㄴㅓᴥ
너가,ㄴㅓᴥㄱㅏᴥ
너는,ㄴㅓᴥㄴㅡㄴᴥ
너를,ㄴㅓᴥㄹㅡㄹᴥ
너무,ㄴㅓᴥㅁㅜᴥ
너비,ㄴㅓᴥㅂㅣᴥ
너희,ㄴㅓᴥㅎㅢᴥ
너희들,ㄴㅓᴥㅎㅢᴥㄷㅡㄹᴥ
네,ㄴㅔᴥ
네모,ㄴㅔᴥㅁㅗᴥ
넷,ㄴㅔㅅᴥ
년,ㄴㅕㄴᴥ
년도,ㄴㅕㄴᴥㄷㅗᴥ
노력,ㄴㅗᴥㄹㅕㄱᴥ
논리,ㄴㅗㄴᴥㄹㅣᴥ
논의,ㄴㅗㄴᴥㅇㅢᴥ
논하지,ㄴㅗㄴᴥㅎㅏᴥㅈㅣᴥ
농촌,ㄴㅗㅇᴥㅊㅗㄴᴥ
놓,ㄴㅗㅎᴥ
누가,ㄴㅜᴥㄱㅏᴥ
누구,ㄴㅜᴥㄱㅜᴥ
누나,ㄴㅜᴥㄴㅏᴥ
누님,ㄴㅜᴥㄴㅣㅁᴥ
느,ㄴㅡᴥ
는,ㄴㅡㄴᴥ
능,ㄴㅡㅇᴥ
능력,ㄴㅡㅇᴥㄹㅕㄱᴥ
니즘,ㄴㅣᴥㅈㅡㅁᴥ
님,ㄴㅣㅁᴥ
다,ㄷㅏᴥ
다각화,ㄷㅏᴥㄱㅏㄱᴥㅎㅘᴥ
다른,ㄷㅏᴥㄹㅡㄴᴥ
다른 방면으로,ㄷㅏᴥㄹㅡㄴᴥ ㅂㅏㅇᴥㅁㅕㄴᴥㅇㅡᴥㄹㅗᴥ
다리,ㄷㅏᴥㄹㅣᴥ
다만,ㄷㅏᴥㅁㅏㄴᴥ
다섯,ㄷㅏᴥㅅㅓㅅᴥ
다소,ㄷㅏᴥㅅㅗᴥ
다수,ㄷㅏᴥㅅㅜᴥ
다시,ㄷㅏᴥㅅㅣᴥ
다양,ㄷㅏᴥㅇㅑㅇᴥ
다운,ㄷㅏᴥㅇㅜㄴᴥ
다운로드,ㄷㅏᴥㅇㅜㄴᴥㄹㅗᴥㄷㅡᴥ
다음,ㄷㅏᴥㅇㅡㅁᴥ
다음에,ㄷㅏᴥㅇㅡㅁᴥㅇㅔᴥ
다중,ㄷㅏᴥㅈㅜㅇᴥ
단,ㄷㅏㄴᴥ
단계,ㄷㅏㄴᴥㄱㅖᴥ
단기,ㄷㅏㄴᴥㄱㅣᴥ
단순,ㄷㅏㄴᴥㅅㅜㄴᴥ
단어,ㄷㅏㄴᴥㅇㅓᴥ
단위,ㄷㅏㄴᴥㅇㅟᴥ
단일,ㄷㅏㄴᴥㅇㅣㄹᴥ
단점,ㄷㅏㄴᴥㅈㅓㅁᴥ
단지,ㄷㅏㄴᴥㅈㅣᴥ
단체,ㄷㅏㄴᴥㅊㅔᴥ
닫기,ㄷㅏㄷᴥㄱㅣᴥ
달,ㄷㅏㄹᴥ
달성,ㄷㅏㄹᴥㅅㅓㅇᴥ
담당,ㄷㅏㅁᴥㄷㅏㅇᴥ
답,ㄷㅏㅂᴥ
답다,ㄷㅏㅂᴥㄷㅏᴥ
당대,ㄷㅏㅇᴥㄷㅐᴥ
당신,ㄷㅏㅇᴥㅅㅣㄴᴥ
당신을,ㄷㅏㅇᴥㅅㅣㄴᴥㅇㅡㄹᴥ
당장,ㄷㅏㅇᴥㅈㅏㅇᴥ
대,ㄷㅐᴥ
대결,ㄷㅐᴥㄱㅕㄹᴥ
대량,ㄷㅐᴥㄹㅑㅇᴥ
대부분,ㄷㅐᴥㅂㅜᴥㅂㅜㄴᴥ
대비,ㄷㅐᴥㅂㅣᴥ
대상,ㄷㅐᴥㅅㅏㅇᴥ
대상자,ㄷㅐᴥㅅㅏㅇᴥㅈㅏᴥ
대신,ㄷㅐᴥㅅㅣㄴᴥ
대안,ㄷㅐᴥㅇㅏㄴᴥ
대입,ㄷㅐᴥㅇㅣㅂᴥ
대지,ㄷㅐᴥㅈㅣᴥ
대체,ㄷㅐᴥㅊㅔᴥ
대표,ㄷㅐᴥㅍㅛᴥ
대하,ㄷㅐᴥㅎㅏᴥ
대하면,ㄷㅐᴥㅎㅏᴥㅁㅕㄴᴥ
대하여,ㄷㅐᴥㅎㅏᴥㅇㅕᴥ
대학,ㄷㅐᴥㅎㅏㄱᴥ
대학교,ㄷㅐᴥㅎㅏㄱᴥㄱㅛᴥ
대학생,ㄷㅐᴥㅎㅏㄱᴥㅅㅐㅇᴥ
대해,ㄷㅐᴥㅎㅐᴥ
대해서,ㄷㅐᴥㅎㅐᴥㅅㅓᴥ
대화,ㄷㅐᴥㅎㅘᴥ
대회,ㄷㅐᴥㅎㅚᴥ
댕그,ㄷㅐㅇᴥㄱㅡᴥ
더,ㄷㅓᴥ
더구나,ㄷㅓᴥㄱㅜᴥㄴㅏᴥ
더군다나,ㄷㅓᴥㄱㅜㄴᴥㄷㅏᴥㄴㅏᴥ
더라도,ㄷㅓᴥㄹㅏᴥㄷㅗᴥ
더불어,ㄷㅓᴥㅂㅜㄹᴥㅇㅓᴥ
더욱더,ㄷㅓᴥㅇㅜㄱᴥㄷㅓᴥ
더욱이는,ㄷㅓᴥㅇㅜㄱᴥㅇㅣᴥㄴㅡㄴᴥ
더하기,ㄷㅓᴥㅎㅏᴥㄱㅣᴥ
도,ㄷㅗᴥ
도구,ㄷㅗᴥㄱㅜᴥ
도달,ㄷㅗᴥㄷㅏㄹᴥ
도로,ㄷㅗᴥㄹㅗᴥ
도모,ㄷㅗᴥㅁㅗᴥ
도시,ㄷㅗᴥㅅㅣᴥ
도심,ㄷㅗᴥㅅㅣㅁᴥ
도움,ㄷㅗᴥㅇㅜㅁᴥ
도입,ㄷㅗᴥㅇㅣㅂᴥ
도전,ㄷㅗᴥㅈㅓㄴᴥ
도형,ㄷㅗᴥㅎㅕㅇᴥ
독자,ㄷㅗㄱᴥㅈㅏᴥ
돈,ㄷㅗㄴᴥ
동,ㄷㅗㅇᴥ
동그라미,ㄷㅗㅇᴥㄱㅡᴥㄹㅏᴥㅁㅣᴥ
동기,ㄷㅗㅇᴥㄱㅣᴥ
동등,ㄷㅗㅇᴥㄷㅡㅇᴥ
동반자,ㄷㅗㅇᴥㅂㅏㄴᴥㅈㅏᴥ
동생,ㄷㅗㅇᴥㅅㅐㅇᴥ
동서,ㄷㅗㅇᴥㅅㅓᴥ
동시,ㄷㅗㅇᴥㅅㅣᴥ
동시에,ㄷㅗㅇᴥㅅㅣᴥㅇㅔᴥ
동안,ㄷㅗㅇᴥㅇㅏㄴᴥ
동의,ㄷㅗㅇᴥㅇㅢᴥ
동일,ㄷㅗㅇᴥㅇㅣㄹᴥ
동일시,ㄷㅗㅇᴥㅇㅣㄹᴥㅅㅣᴥ
동참,ㄷㅗㅇᴥㅊㅏㅁᴥ
돼요,ㄷㅙᴥㅇㅛᴥ
됐,ㄷㅙㅆᴥ
되,ㄷㅚᴥ
되어,ㄷㅚᴥㅇㅓᴥ
되어요,ㄷㅚᴥㅇㅓᴥㅇㅛᴥ
된,ㄷㅚㄴᴥ
된바에야,ㄷㅚㄴᴥㅂㅏᴥㅇㅔᴥㅇㅑᴥ
두,ㄷㅜᴥ
두번째로,ㄷㅜᴥㅂㅓㄴᴥㅉㅐᴥㄹㅗᴥ
둘,ㄷㅜㄹᴥ
뒤,ㄷㅟᴥ
뒤따라,ㄷㅟᴥㄸㅏᴥㄹㅏᴥ
뒤이어,ㄷㅟᴥㅇㅣᴥㅇㅓᴥ
뒷받침,ㄷㅟㅅᴥㅂㅏㄷᴥㅊㅣㅁᴥ
드,ㄷㅡᴥ
든간에,ㄷㅡㄴᴥㄱㅏㄴᴥㅇㅔᴥ
들,ㄷㅡㄹᴥ
듬,ㄷㅡㅁᴥ
등,ㄷㅡㅇᴥ
등등,ㄷㅡㅇᴥㄷㅡㅇᴥ
등분,ㄷㅡㅇᴥㅂㅜㄴᴥ
등장,ㄷㅡㅇᴥㅈㅏㅇᴥ
디,ㄷㅣᴥ
딩동,ㄷㅣㅇᴥㄷㅗㅇᴥ
따라,ㄸㅏᴥㄹㅏᴥ
따라서,ㄸㅏᴥㄹㅏᴥㅅㅓᴥ
따위,ㄸㅏᴥㅇㅟᴥ
따지지,ㄸㅏᴥㅈㅣᴥㅈㅣᴥ
딱,ㄸㅏㄱᴥ
땅,ㄸㅏㅇᴥ
때,ㄸㅐᴥ
때가 되어,ㄸㅐᴥㄱㅏᴥ ㄷㅚᴥㅇㅓᴥ
때문,ㄸㅐᴥㅁㅜㄴᴥ
때문에,ㄸㅐᴥㅁㅜㄴᴥㅇㅔᴥ
또,ㄸㅗᴥ
또는,ㄸㅗᴥㄴㅡㄴᴥ
또한,ㄸㅗᴥㅎㅏㄴᴥ
뚝뚝,ㄸㅜㄱᴥㄸㅜㄱᴥ
뜻,ㄸㅡㅅᴥ
라,ㄹㅏᴥ
라인,ㄹㅏᴥㅇㅣㄴᴥ
란,ㄹㅏㄴᴥ
람,ㄹㅏㅁᴥ
래스,ㄹㅐᴥㅅㅡᴥ
량,ㄹㅑㅇᴥ
럼,ㄹㅓㅁᴥ
레포트,ㄹㅔᴥㅍㅗᴥㅌㅡᴥ
련서,ㄹㅕㄴᴥㅅㅓᴥ
로,ㄹㅗᴥ
로부터,ㄹㅗᴥㅂㅜᴥㅌㅓᴥ
로써,ㄹㅗᴥㅆㅓᴥ
료,ㄹㅛᴥ
류,ㄹㅠᴥ
르,ㄹㅡᴥ
를,ㄹㅡㄹᴥ
린,ㄹㅣㄴᴥ
릴,ㄹㅣㄹᴥ
마,ㅁㅏᴥ
마무리,ㅁㅏᴥㅁㅜᴥㄹㅣᴥ
마음,ㅁㅏᴥㅇㅡㅁᴥ
마음대로,ㅁㅏᴥㅇㅡㅁᴥㄷㅐᴥㄹㅗᴥ
마저,ㅁㅏᴥㅈㅓᴥ
마저도,ㅁㅏᴥㅈㅓᴥㄷㅗᴥ
마지막,ㅁㅏᴥㅈㅣᴥㅁㅏㄱᴥ
마찬가지,ㅁㅏᴥㅊㅏㄴᴥㄱㅏᴥㅈㅣᴥ
막내,ㅁㅏㄱᴥㄴㅐᴥ
막냇동생,ㅁㅏㄱᴥㄴㅐㅅᴥㄷㅗㅇᴥㅅㅐㅇᴥ
막론,ㅁㅏㄱᴥㄹㅗㄴᴥ
막론하고,ㅁㅏㄱᴥㄹㅗㄴᴥㅎㅏᴥㄱㅗᴥ
만,ㅁㅏㄴᴥ
만들,ㅁㅏㄴᴥㄷㅡㄹᴥ
만약,ㅁㅏㄴᴥㅇㅑㄱᴥ
만약에,ㅁㅏㄴᴥㅇㅑㄱᴥㅇㅔᴥ
만일,ㅁㅏㄴᴥㅇㅣㄹᴥ
만족,ㅁㅏㄴᴥㅈㅗㄱᴥ
만큼,ㅁㅏㄴᴥㅋㅡㅁᴥ
많,ㅁㅏㄶᴥ
맏이,ㅁㅏㄷᴥㅇㅣᴥ
말,ㅁㅏㄹᴥ
말하면,ㅁㅏㄹᴥㅎㅏᴥㅁㅕㄴᴥ
말하자면,ㅁㅏㄹᴥㅎㅏᴥㅈㅏᴥㅁㅕㄴᴥ
말할것도,ㅁㅏㄹᴥㅎㅏㄹᴥㄱㅓㅅᴥㄷㅗᴥ
매,ㅁㅐᴥ
매년,ㅁㅐᴥㄴㅕㄴᴥ
매력,ㅁㅐᴥㄹㅕㄱᴥ
매번,ㅁㅐᴥㅂㅓㄴᴥ
매분,ㅁㅐᴥㅂㅜㄴᴥ
매시간,ㅁㅐᴥㅅㅣᴥㄱㅏㄴᴥ
매우,ㅁㅐᴥㅇㅜᴥ
매일,ㅁㅐᴥㅇㅣㄹᴥ
매일매일,ㅁㅐᴥㅇㅣㄹᴥㅁㅐᴥㅇㅣㄹᴥ
매장,ㅁㅐᴥㅈㅏㅇᴥ
매형,ㅁㅐᴥㅎㅕㅇᴥ
맥락,ㅁㅐㄱᴥㄹㅏㄱᴥ
머리말,ㅁㅓᴥㄹㅣᴥㅁㅏㄹᴥ
멍청이,ㅁㅓㅇᴥㅊㅓㅇᴥㅇㅣᴥ
메쓰겁다,ㅁㅔᴥㅆㅡᴥㄱㅓㅂᴥㄷㅏᴥ
며칠,ㅁㅕᴥㅊㅣㄹᴥ
면,ㅁㅕㄴᴥ
면역,ㅁㅕㄴᴥㅇㅕㄱᴥ
명,ㅁㅕㅇᴥ
명령,ㅁㅕㅇᴥㄹㅕㅇᴥ
명시,ㅁㅕㅇᴥㅅㅣᴥ
몇,ㅁㅕㅊᴥ
모,ㅁㅗᴥ
모녀,ㅁㅗᴥㄴㅕᴥ
모두,ㅁㅗᴥㄷㅜᴥ
모둠,ㅁㅗᴥㄷㅜㅁᴥ
모름지기,ㅁㅗᴥㄹㅡㅁᴥㅈㅣᴥㄱㅣᴥ
모방,ㅁㅗᴥㅂㅏㅇᴥ
모서리,ㅁㅗᴥㅅㅓᴥㄹㅣᴥ
모습,ㅁㅗᴥㅅㅡㅂᴥ
모양,ㅁㅗᴥㅇㅑㅇᴥ
모음,ㅁㅗᴥㅇㅡㅁᴥ
모임,ㅁㅗᴥㅇㅣㅁᴥ
모자,ㅁㅗᴥㅈㅏᴥ
모조품,ㅁㅗᴥㅈㅗᴥㅍㅜㅁᴥ
모쪼록,ㅁㅗᴥㅉㅗᴥㄹㅗㄱᴥ
목,ㅁㅗㄱᴥ
목가,ㅁㅗㄱᴥㄱㅏᴥ
목가적,ㅁㅗㄱᴥㄱㅏᴥㅈㅓㄱᴥ
목록,ㅁㅗㄱᴥㄹㅗㄱᴥ
목수,ㅁㅗㄱᴥㅅㅜᴥ
목적,ㅁㅗㄱᴥㅈㅓㄱᴥ
목전,ㅁㅗㄱᴥㅈㅓㄴᴥ
목차,ㅁㅗㄱᴥㅊㅏᴥ
목표,ㅁㅗㄱᴥㅍㅛᴥ
못,ㅁㅗㅅᴥ
못하다,ㅁㅗㅅᴥㅎㅏᴥㄷㅏᴥ
묘사,ㅁㅛᴥㅅㅏᴥ
무단,ㅁㅜᴥㄷㅏㄴᴥ
무렵,ㅁㅜᴥㄹㅕㅂᴥ
무료,ㅁㅜᴥㄹㅛᴥ
무릎쓰고,ㅁㅜᴥㄹㅡㅍᴥㅆㅡᴥㄱㅗᴥ
무리,ㅁㅜᴥㄹㅣᴥ
무슨,ㅁㅜᴥㅅㅡㄴᴥ
무시,ㅁㅜᴥㅅㅣᴥ
무엇,ㅁㅜᴥㅇㅓㅅᴥ
무엇때문에,ㅁㅜᴥㅇㅓㅅᴥㄸㅐᴥㅁㅜㄴᴥㅇㅔᴥ
무한,ㅁㅜᴥㅎㅏㄴᴥ
무효,ㅁㅜᴥㅎㅛᴥ
문,ㅁㅜㄴᴥ
문답,ㅁㅜㄴᴥㄷㅏㅂᴥ
문서,ㅁㅜㄴᴥㅅㅓᴥ
문자,ㅁㅜㄴᴥㅈㅏᴥ
문장,ㅁㅜㄴᴥㅈㅏㅇᴥ
문제,ㅁㅜㄴᴥㅈㅔᴥ
문제점,ㅁㅜㄴᴥㅈㅔᴥㅈㅓㅁᴥ
문화,ㅁㅜㄴᴥㅎㅘᴥ
물,ㅁㅜㄹᴥ
물건,ㅁㅜㄹᴥㄱㅓㄴᴥ
물결,ㅁㅜㄹᴥㄱㅕㄹᴥ
물길,ㅁㅜㄹᴥㄱㅣㄹᴥ
물론,ㅁㅜㄹᴥㄹㅗㄴᴥ
물질,ㅁㅜㄹᴥㅈㅣㄹᴥ
미니,ㅁㅣᴥㄴㅣᴥ
미래,ㅁㅣᴥㄹㅐᴥ
미혼,ㅁㅣᴥㅎㅗㄴᴥ
민,ㅁㅣㄴᴥ
민족,ㅁㅣㄴᴥㅈㅗㄱᴥ
민효,ㅁㅣㄴᴥㅎㅛᴥ
믿음,ㅁㅣㄷᴥㅇㅡㅁᴥ
및,ㅁㅣㅊᴥ
밑,ㅁㅣㅌᴥ
바깥,ㅂㅏᴥㄲㅏㅌᴥ
바꾸어말하면,ㅂㅏᴥㄲㅜᴥㅇㅓᴥㅁㅏㄹᴥㅎㅏᴥㅁㅕㄴᴥ
바꾸어말하자면,ㅂㅏᴥㄲㅜᴥㅇㅓᴥㅁㅏㄹᴥㅎㅏᴥㅈㅏᴥㅁㅕㄴᴥ
바꾸어서,ㅂㅏᴥㄲㅜᴥㅇㅓᴥㅅㅓᴥ
바꿔,ㅂㅏᴥㄲㅝᴥ
바람,ㅂㅏᴥㄹㅏㅁᴥ
바로,ㅂㅏᴥㄹㅗᴥ
바보,ㅂㅏᴥㅂㅗᴥ
바야흐로,ㅂㅏᴥㅇㅑᴥㅎㅡᴥㄹㅗᴥ
바에야,ㅂㅏᴥㅇㅔᴥㅇㅑᴥ
바와같이,ㅂㅏᴥㅇㅘᴥㄱㅏㅌᴥㅇㅣᴥ
바탕,ㅂㅏᴥㅌㅏㅇᴥ
박,ㅂㅏㄱᴥ
밖,ㅂㅏㄲᴥ
밖에 안된다,ㅂㅏㄲᴥㅇㅔᴥ ㅇㅏㄴᴥㄷㅚㄴᴥㄷㅏᴥ
반,ㅂㅏㄴᴥ
반대로,ㅂㅏㄴᴥㄷㅐᴥㄹㅗᴥ
반대편,ㅂㅏㄴᴥㄷㅐᴥㅍㅕㄴᴥ
반드시,ㅂㅏㄴᴥㄷㅡᴥㅅㅣᴥ
반복,ㅂㅏㄴᴥㅂㅗㄱᴥ
반사,ㅂㅏㄴᴥㅅㅏᴥ
반영,ㅂㅏㄴᴥㅇㅕㅇᴥ
반환,ㅂㅏㄴᴥㅎㅘㄴᴥ
받,ㅂㅏㄷᴥ
발견,ㅂㅏㄹᴥㄱㅕㄴᴥ
발생,ㅂㅏㄹᴥㅅㅐㅇᴥ
발전,ㅂㅏㄹᴥㅈㅓㄴᴥ
발현,ㅂㅏㄹᴥㅎㅕㄴᴥ
밤,ㅂㅏㅁᴥ
방,ㅂㅏㅇᴥ
방문,ㅂㅏㅇᴥㅁㅜㄴᴥ
방법,ㅂㅏㅇᴥㅂㅓㅂᴥ
방식,ㅂㅏㅇᴥㅅㅣㄱᴥ
방향,ㅂㅏㅇᴥㅎㅑㅇᴥ
배,ㅂㅐᴥ
배경,ㅂㅐᴥㄱㅕㅇᴥ
배달,ㅂㅐᴥㄷㅏㄹᴥ
배수,ㅂㅐᴥㅅㅜᴥ
배열,ㅂㅐᴥㅇㅕㄹᴥ
배우자,ㅂㅐᴥㅇㅜᴥㅈㅏᴥ
배정,ㅂㅐᴥㅈㅓㅇᴥ
배포,ㅂㅐᴥㅍㅗᴥ
배회,ㅂㅐᴥㅎㅚᴥ
백,ㅂㅐㄱᴥ
버금,ㅂㅓᴥㄱㅡㅁᴥ
버스,ㅂㅓᴥㅅㅡᴥ
버전,ㅂㅓᴥㅈㅓㄴᴥ
버튼,ㅂㅓᴥㅌㅡㄴᴥ
번,ㅂㅓㄴᴥ
번역,ㅂㅓㄴᴥㅇㅕㄱᴥ
번호,ㅂㅓㄴᴥㅎㅗᴥ
범위,ㅂㅓㅁᴥㅇㅟᴥ
법칙,ㅂㅓㅂᴥㅊㅣㄱᴥ
변경,ㅂㅕㄴᴥㄱㅕㅇᴥ
변모,ㅂㅕㄴᴥㅁㅗᴥ
변화,ㅂㅕㄴᴥㅎㅘᴥ
변환,ㅂㅕㄴᴥㅎㅘㄴᴥ
별도,ㅂㅕㄹᴥㄷㅗᴥ
별명,ㅂㅕㄹᴥㅁㅕㅇᴥ
병합,ㅂㅕㅇᴥㅎㅏㅂᴥ
보,ㅂㅗᴥ
보고서,ㅂㅗᴥㄱㅗᴥㅅㅓᴥ
보관,ㅂㅗᴥㄱㅘㄴᴥ
보는데서,ㅂㅗᴥㄴㅡㄴᴥㄷㅔᴥㅅㅓᴥ
보다,ㅂㅗᴥㄷㅏᴥ
보드득,ㅂㅗᴥㄷㅡᴥㄷㅡㄱᴥ
보아,ㅂㅗᴥㅇㅏᴥ
보이,ㅂㅗᴥㅇㅣᴥ
보조,ㅂㅗᴥㅈㅗᴥ
보조자,ㅂㅗᴥㅈㅗᴥㅈㅏᴥ
보통,ㅂㅗᴥㅌㅗㅇᴥ
복사,ㅂㅗㄱᴥㅅㅏᴥ
복수,ㅂㅗㄱᴥㅅㅜᴥ
복제,ㅂㅗㄱᴥㅈㅔᴥ
복합,ㅂㅗㄱᴥㅎㅏㅂᴥ
본,ㅂㅗㄴᴥ
본래,ㅂㅗㄴᴥㄹㅐᴥ
본문,ㅂㅗㄴᴥㅁㅜㄴᴥ
본인,ㅂㅗㄴᴥㅇㅣㄴᴥ
봄,ㅂㅗㅁᴥ
부,ㅂㅜᴥ
부각,ㅂㅜᴥㄱㅏㄱᴥ
부녀,ㅂㅜᴥㄴㅕᴥ
부디,ㅂㅜᴥㄷㅣᴥ
부분,ㅂㅜᴥㅂㅜㄴᴥ
부서,ㅂㅜᴥㅅㅓᴥ
부위,ㅂㅜᴥㅇㅟᴥ
부자,ㅂㅜᴥㅈㅏᴥ
부정,ㅂㅜᴥㅈㅓㅇᴥ
부족,ㅂㅜᴥㅈㅗㄱᴥ
부터,ㅂㅜᴥㅌㅓᴥ
부품,ㅂㅜᴥㅍㅜㅁᴥ
부호,ㅂㅜᴥㅎㅗᴥ
북극,ㅂㅜㄱᴥㄱㅡㄱᴥ
분,ㅂㅜㄴᴥ
분리,ㅂㅜㄴᴥㄹㅣᴥ
분석,ㅂㅜㄴᴥㅅㅓㄱᴥ
분자,ㅂㅜㄴᴥㅈㅏᴥ
불가,ㅂㅜㄹᴥㄱㅏᴥ
불구하고,ㅂㅜㄹᴥㄱㅜᴥㅎㅏᴥㄱㅗᴥ
불꽃,ㅂㅜㄹᴥㄲㅗㅊᴥ
불문하고,ㅂㅜㄹᴥㅁㅜㄴᴥㅎㅏᴥㄱㅗᴥ
불여,ㅂㅜㄹᴥㅇㅕᴥ
불합격,ㅂㅜㄹᴥㅎㅏㅂᴥㄱㅕㄱᴥ
불합리,ㅂㅜㄹᴥㅎㅏㅂᴥㄹㅣᴥ
붕붕,ㅂㅜㅇᴥㅂㅜㅇᴥ
브,ㅂㅡᴥ
비걱거리다,ㅂㅣᴥㄱㅓㄱᴥㄱㅓᴥㄹㅣᴥㄷㅏᴥ
비교,ㅂㅣᴥㄱㅛᴥ
비교적,ㅂㅣᴥㄱㅛᴥㅈㅓㄱᴥ
비동의,ㅂㅣᴥㄷㅗㅇᴥㅇㅢᴥ
비등,ㅂㅣᴥㄷㅡㅇᴥ
비로소,ㅂㅣᴥㄹㅗᴥㅅㅗᴥ
비록,ㅂㅣᴥㄹㅗㄱᴥ
비밀,ㅂㅣᴥㅁㅣㄹᴥ
비슷하다,ㅂㅣᴥㅅㅡㅅᴥㅎㅏᴥㄷㅏᴥ
비중,ㅂㅣᴥㅈㅜㅇᴥ
비판,ㅂㅣᴥㅍㅏㄴᴥ
비하면,ㅂㅣᴥㅎㅏᴥㅁㅕㄴᴥ
비혼,ㅂㅣᴥㅎㅗㄴᴥ
빈도,ㅂㅣㄴᴥㄷㅗᴥ
빈틈,ㅂㅣㄴᴥㅌㅡㅁᴥ
빨리,ㅃㅏㄹᴥㄹㅣᴥ
빼기,ㅃㅐᴥㄱㅣᴥ
뿐만,ㅃㅜㄴᴥㅁㅏㄴᴥ
뿐만아니라,ㅃㅜㄴᴥㅁㅏㄴᴥㅇㅏᴥㄴㅣᴥㄹㅏᴥ
뿐이다,ㅃㅜㄴᴥㅇㅣᴥㄷㅏᴥ
삐걱거리다,ㅃㅣᴥㄱㅓㄱᴥㄱㅓᴥㄹㅣᴥㄷㅏᴥ
사,ㅅㅏᴥ
사각형,ㅅㅏᴥㄱㅏㄱᴥㅎㅕㅇᴥ
사건,ㅅㅏᴥㄱㅓㄴᴥ
사고,ㅅㅏᴥㄱㅗᴥ
사나,ㅅㅏᴥㄴㅏᴥ
사람,ㅅㅏᴥㄹㅏㅁᴥ
사랑,ㅅㅏᴥㄹㅏㅇᴥ
사례,ㅅㅏᴥㄹㅖᴥ
사물,ㅅㅏᴥㅁㅜㄹᴥ
사상,ㅅㅏᴥㅅㅏㅇᴥ
사실,ㅅㅏᴥㅅㅣㄹᴥ
사업,ㅅㅏᴥㅇㅓㅂᴥ
사업가,ㅅㅏᴥㅇㅓㅂᴥㄱㅏᴥ
사업자,ㅅㅏᴥㅇㅓㅂᴥㅈㅏᴥ
사업장,ㅅㅏᴥㅇㅓㅂᴥㅈㅏㅇᴥ
사용,ㅅㅏᴥㅇㅛㅇᴥ
사용법,ㅅㅏᴥㅇㅛㅇᴥㅂㅓㅂᴥ
사용서,ㅅㅏᴥㅇㅛㅇᴥㅅㅓᴥ
사원,ㅅㅏᴥㅇㅝㄴᴥ
사유,ㅅㅏᴥㅇㅠᴥ
사이,ㅅㅏᴥㅇㅣᴥ
사이트,ㅅㅏᴥㅇㅣᴥㅌㅡᴥ
사장,ㅅㅏᴥㅈㅏㅇᴥ
사전,ㅅㅏᴥㅈㅓㄴᴥ
사정,ㅅㅏᴥㅈㅓㅇᴥ
사진,ㅅㅏᴥㅈㅣㄴᴥ
사촌,ㅅㅏᴥㅊㅗㄴᴥ
사항,ㅅㅏᴥㅎㅏㅇᴥ
사회,ㅅㅏᴥㅎㅚᴥ
사흘,ㅅㅏᴥㅎㅡㄹᴥ
삭제,ㅅㅏㄱᴥㅈㅔᴥ
산물,ㅅㅏㄴᴥㅁㅜㄹᴥ
산업,ㅅㅏㄴᴥㅇㅓㅂᴥ
산촌,ㅅㅏㄴᴥㅊㅗㄴᴥ
산출,ㅅㅏㄴᴥㅊㅜㄹᴥ
산출물,ㅅㅏㄴᴥㅊㅜㄹᴥㅁㅜㄹᴥ
살,ㅅㅏㄹᴥ
삼,ㅅㅏㅁᴥ
삼각형,ㅅㅏㅁᴥㄱㅏㄱᴥㅎㅕㅇᴥ
삼촌,ㅅㅏㅁᴥㅊㅗㄴᴥ
삽입,ㅅㅏㅂᴥㅇㅣㅂᴥ
상,ㅅㅏㅇᴥ
상관,ㅅㅏㅇᴥㄱㅘㄴᴥ
상당수,ㅅㅏㅇᴥㄷㅏㅇᴥㅅㅜᴥ
상대,ㅅㅏㅇᴥㄷㅐᴥ
상대적,ㅅㅏㅇᴥㄷㅐᴥㅈㅓㄱᴥ
상부,ㅅㅏㅇᴥㅂㅜᴥ
상세,ㅅㅏㅇᴥㅅㅔᴥ
상위,ㅅㅏㅇᴥㅇㅟᴥ
상층부,ㅅㅏㅇᴥㅊㅡㅇᴥㅂㅜᴥ
상태,ㅅㅏㅇᴥㅌㅐᴥ
상황,ㅅㅏㅇᴥㅎㅘㅇᴥ
새벽,ㅅㅐᴥㅂㅕㄱᴥ
생각,ㅅㅐㅇᴥㄱㅏㄱᴥ
생각하,ㅅㅐㅇᴥㄱㅏㄱᴥㅎㅏᴥ
생각한대로,ㅅㅐㅇᴥㄱㅏㄱᴥㅎㅏㄴᴥㄷㅐᴥㄹㅗᴥ
생김,ㅅㅐㅇᴥㄱㅣㅁᴥ
생략,ㅅㅐㅇᴥㄹㅑㄱᴥ
생산,ㅅㅐㅇᴥㅅㅏㄴᴥ
생성,ㅅㅐㅇᴥㅅㅓㅇᴥ
생활,ㅅㅐㅇᴥㅎㅘㄹᴥ
서,ㅅㅓᴥ
서명,ㅅㅓᴥㅁㅕㅇᴥ
서술,ㅅㅓᴥㅅㅜㄹᴥ
서술한바,ㅅㅓᴥㅅㅜㄹᴥㅎㅏㄴᴥㅂㅏᴥ
선,ㅅㅓㄴᴥ
선생,ㅅㅓㄴᴥㅅㅐㅇᴥ
선생님,ㅅㅓㄴᴥㅅㅐㅇᴥㄴㅣㅁᴥ
선수,ㅅㅓㄴᴥㅅㅜᴥ
선언,ㅅㅓㄴᴥㅇㅓㄴᴥ
선정,ㅅㅓㄴᴥㅈㅓㅇᴥ
선택,ㅅㅓㄴᴥㅌㅐㄱᴥ
선행,ㅅㅓㄴᴥㅎㅐㅇᴥ
설,ㅅㅓㄹᴥ
설계,ㅅㅓㄹᴥㄱㅖᴥ
설령,ㅅㅓㄹᴥㄹㅕㅇᴥ
설마,ㅅㅓㄹᴥㅁㅏᴥ
설명,ㅅㅓㄹᴥㅁㅕㅇᴥ
설명서,ㅅㅓㄹᴥㅁㅕㅇᴥㅅㅓᴥ
설사,ㅅㅓㄹᴥㅅㅏᴥ
설정,ㅅㅓㄹᴥㅈㅓㅇᴥ
설치,ㅅㅓㄹᴥㅊㅣᴥ
성공,ㅅㅓㅇᴥㄱㅗㅇᴥ
성과,ㅅㅓㅇᴥㄱㅘᴥ
성분,ㅅㅓㅇᴥㅂㅜㄴᴥ
성장,ㅅㅓㅇᴥㅈㅏㅇᴥ
성질,ㅅㅓㅇᴥㅈㅣㄹᴥ
섵,ㅅㅓㅌᴥ
세계,ㅅㅔᴥㄱㅖᴥ
세기,ㅅㅔᴥㄱㅣᴥ
세기말,ㅅㅔᴥㄱㅣᴥㅁㅏㄹᴥ
세모,ㅅㅔᴥㅁㅗᴥ
세부,ㅅㅔᴥㅂㅜᴥ
세상,ㅅㅔᴥㅅㅏㅇᴥ
세트,ㅅㅔᴥㅌㅡᴥ
셋,ㅅㅔㅅᴥ
셜,ㅅㅕㄹᴥ
소개,ㅅㅗᴥㄱㅐᴥ
소녀,ㅅㅗᴥㄴㅕᴥ
소년,ㅅㅗᴥㄴㅕㄴᴥ
소량,ㅅㅗᴥㄹㅑㅇᴥ
소리,ㅅㅗᴥㄹㅣᴥ
소모품,ㅅㅗᴥㅁㅗᴥㅍㅜㅁᴥ
소박,ㅅㅗᴥㅂㅏㄱᴥ
소비,ㅅㅗᴥㅂㅣᴥ
소생,ㅅㅗᴥㅅㅐㅇᴥ
소수,ㅅㅗᴥㅅㅜᴥ
소외,ㅅㅗᴥㅇㅚᴥ
소요,ㅅㅗᴥㅇㅛᴥ
소유,ㅅㅗᴥㅇㅠᴥ
소인,ㅅㅗᴥㅇㅣㄴᴥ
속,ㅅㅗㄱᴥ
속도,ㅅㅗㄱᴥㄷㅗᴥ
속성,ㅅㅗㄱᴥㅅㅓㅇᴥ
손님,ㅅㅗㄴᴥㄴㅣㅁᴥ
송신,ㅅㅗㅇᴥㅅㅣㄴᴥ
솨,ㅅㅘᴥ
수,ㅅㅜᴥ
수단,ㅅㅜᴥㄷㅏㄴᴥ
수동,ㅅㅜᴥㄷㅗㅇᴥ
수립,ㅅㅜᴥㄹㅣㅂᴥ
수명,ㅅㅜᴥㅁㅕㅇᴥ
수술,ㅅㅜᴥㅅㅜㄹᴥ
수술실,ㅅㅜᴥㅅㅜㄹᴥㅅㅣㄹᴥ
수스,ㅅㅜᴥㅅㅡᴥ
수신,ㅅㅜᴥㅅㅣㄴᴥ
수업,ㅅㅜᴥㅇㅓㅂᴥ
수용자,ㅅㅜᴥㅇㅛㅇᴥㅈㅏᴥ
수인,ㅅㅜᴥㅇㅣㄴᴥ
수정,ㅅㅜᴥㅈㅓㅇᴥ
수준,ㅅㅜᴥㅈㅜㄴᴥ
수중,ㅅㅜᴥㅈㅜㅇᴥ
수직,ㅅㅜᴥㅈㅣㄱᴥ
수평,ㅅㅜᴥㅍㅕㅇᴥ
수행,ㅅㅜᴥㅎㅐㅇᴥ
순간,ㅅㅜㄴᴥㄱㅏㄴᴥ
순서,ㅅㅜㄴᴥㅅㅓᴥ
순차,ㅅㅜㄴᴥㅊㅏᴥ
숫자,ㅅㅜㅅᴥㅈㅏᴥ
쉬움,ㅅㅟᴥㅇㅜㅁᴥ
쉼표,ㅅㅟㅁᴥㅍㅛᴥ
스,ㅅㅡᴥ
스스로,ㅅㅡᴥㅅㅡᴥㄹㅗᴥ
스타일,ㅅㅡᴥㅌㅏᴥㅇㅣㄹᴥ
습니까,ㅅㅡㅂᴥㄴㅣᴥㄲㅏᴥ
습니다,ㅅㅡㅂᴥㄴㅣᴥㄷㅏᴥ
시,ㅅㅣᴥ
시각,ㅅㅣᴥㄱㅏㄱᴥ
시간,ㅅㅣᴥㄱㅏㄴᴥ
시계,ㅅㅣᴥㄱㅖᴥ
시골,ㅅㅣᴥㄱㅗㄹᴥ
시공간,ㅅㅣᴥㄱㅗㅇᴥㄱㅏㄴᴥ
시기,ㅅㅣᴥㄱㅣᴥ
시대,ㅅㅣᴥㄷㅐᴥ
시도,ㅅㅣᴥㄷㅗᴥ
시발,ㅅㅣᴥㅂㅏㄹᴥ
시작,ㅅㅣᴥㅈㅏㄱᴥ
시작점,ㅅㅣᴥㅈㅏㄱᴥㅈㅓㅁᴥ
시작하여,ㅅㅣᴥㅈㅏㄱᴥㅎㅏᴥㅇㅕᴥ
시장,ㅅㅣᴥㅈㅏㅇᴥ
시초에,ㅅㅣᴥㅊㅗᴥㅇㅔᴥ
시키,ㅅㅣᴥㅋㅣᴥ
시키다,ㅅㅣᴥㅋㅣᴥㄷㅏᴥ
시행,ㅅㅣᴥㅎㅐㅇᴥ
시험,ㅅㅣᴥㅎㅓㅁᴥ
식당,ㅅㅣㄱᴥㄷㅏㅇᴥ
식별,ㅅㅣㄱᴥㅂㅕㄹᴥ
신경,ㅅㅣㄴᴥㄱㅕㅇᴥ
신문,ㅅㅣㄴᴥㅁㅜㄴᴥ
신호,ㅅㅣㄴᴥㅎㅗᴥ
실로,ㅅㅣㄹᴥㄹㅗᴥ
실수,ㅅㅣㄹᴥㅅㅜᴥ
실제,ㅅㅣㄹᴥㅈㅔᴥ
실천,ㅅㅣㄹᴥㅊㅓㄴᴥ
실패,ㅅㅣㄹᴥㅍㅐᴥ
실행,ㅅㅣㄹᴥㅎㅐㅇᴥ
실행력,ㅅㅣㄹᴥㅎㅐㅇᴥㄹㅕㄱᴥ
실험,ㅅㅣㄹᴥㅎㅓㅁᴥ
실험실,ㅅㅣㄹᴥㅎㅓㅁᴥㅅㅣㄹᴥ
실효,ㅅㅣㄹᴥㅎㅛᴥ
심지어,ㅅㅣㅁᴥㅈㅣᴥㅇㅓᴥ
십,ㅅㅣㅂᴥ
싱,ㅅㅣㅇᴥ
싶,ㅅㅣㅍᴥ
쓰여,ㅆㅡᴥㅇㅕᴥ
씨,ㅆㅣᴥ
씩,ㅆㅣㄱᴥ
아,ㅇㅏᴥ
아까,ㅇㅏᴥㄲㅏᴥ
아낙,ㅇㅏᴥㄴㅏㄱᴥ
아낙네,ㅇㅏᴥㄴㅏㄱᴥㄴㅔᴥ
아내,ㅇㅏᴥㄴㅐᴥ
아니,ㅇㅏᴥㄴㅣᴥ
아니나다를가,ㅇㅏᴥㄴㅣᴥㄴㅏᴥㄷㅏᴥㄹㅡㄹᴥㄱㅏᴥ
아니면,ㅇㅏᴥㄴㅣᴥㅁㅕㄴᴥ
아래,ㅇㅏᴥㄹㅐᴥ
아래윗,ㅇㅏᴥㄹㅐᴥㅇㅟㅅᴥ
아마,ㅇㅏᴥㅁㅏᴥ
아무거나,ㅇㅏᴥㅁㅜᴥㄱㅓᴥㄴㅏᴥ
아무도,ㅇㅏᴥㅁㅜᴥㄷㅗᴥ
아무리,ㅇㅏᴥㅁㅜᴥㄹㅣᴥ
아무쪼록,ㅇㅏᴥㅁㅜᴥㅉㅗᴥㄹㅗㄱᴥ
아버지,ㅇㅏᴥㅂㅓᴥㅈㅣᴥ
아빠,ㅇㅏᴥㅃㅏᴥ
아야,ㅇㅏᴥㅇㅑᴥ
아이,ㅇㅏᴥㅇㅣᴥ
아이고,ㅇㅏᴥㅇㅣᴥㄱㅗᴥ
아이구,ㅇㅏᴥㅇㅣᴥㄱㅜᴥ
아이디,ㅇㅏᴥㅇㅣᴥㄷㅣᴥ
아이쿠,ㅇㅏᴥㅇㅣᴥㅋㅜᴥ
아저씨,ㅇㅏᴥㅈㅓᴥㅆㅣᴥ
아주,ㅇㅏᴥㅈㅜᴥ
아주머니,ㅇㅏᴥㅈㅜᴥㅁㅓᴥㄴㅣᴥ
아줌마,ㅇㅏᴥㅈㅜㅁᴥㅁㅏᴥ
아하,ㅇㅏᴥㅎㅏᴥ
아홉,ㅇㅏᴥㅎㅗㅂᴥ
악기,ㅇㅏㄱᴥㄱㅣᴥ
안,ㅇㅏㄴᴥ
안다,ㅇㅏㄴᴥㄷㅏᴥ
안정,ㅇㅏㄴᴥㅈㅓㅇᴥ
않,ㅇㅏㄶᴥ
않고,ㅇㅏㄶᴥㄱㅗᴥ
않기,ㅇㅏㄶᴥㄱㅣᴥ
않는다면,ㅇㅏㄶᴥㄴㅡㄴᴥㄷㅏᴥㅁㅕㄴᴥ
않다,ㅇㅏㄶᴥㄷㅏᴥ
않도록,ㅇㅏㄶᴥㄷㅗᴥㄹㅗㄱᴥ
알겠는가,ㅇㅏㄹᴥㄱㅔㅆᴥㄴㅡㄴᴥㄱㅏᴥ
앗,ㅇㅏㅅᴥ
앞,ㅇㅏㅍᴥ
앞서,ㅇㅏㅍᴥㅅㅓᴥ
앞에서,ㅇㅏㅍᴥㅇㅔᴥㅅㅓᴥ
앞의것,ㅇㅏㅍᴥㅇㅢᴥㄱㅓㅅᴥ
야,ㅇㅑᴥ
야기,ㅇㅑᴥㄱㅣᴥ
약간,ㅇㅑㄱᴥㄱㅏㄴᴥ
약수,ㅇㅑㄱᴥㅅㅜᴥ
약자,ㅇㅑㄱᴥㅈㅏᴥ
약점,ㅇㅑㄱᴥㅈㅓㅁᴥ
양,ㅇㅑㅇᴥ
양분화,ㅇㅑㅇᴥㅂㅜㄴᴥㅎㅘᴥ
양상,ㅇㅑㅇᴥㅅㅏㅇᴥ
양식,ㅇㅑㅇᴥㅅㅣㄱᴥ
양자,ㅇㅑㅇᴥㅈㅏᴥ
양쪽,ㅇㅑㅇᴥㅉㅗㄱᴥ
얘기,ㅇㅒᴥㄱㅣᴥ
어,ㅇㅓᴥ
어구,ㅇㅓᴥㄱㅜᴥ
어기여차,ㅇㅓᴥㄱㅣᴥㅇㅕᴥㅊㅏᴥ
어느,ㅇㅓᴥㄴㅡᴥ
어느것,ㅇㅓᴥㄴㅡᴥㄱㅓㅅᴥ
어느곳,ㅇㅓᴥㄴㅡᴥㄱㅗㅅᴥ
어느때,ㅇㅓᴥㄴㅡᴥㄸㅐᴥ
어느쪽,ㅇㅓᴥㄴㅡᴥㅉㅗㄱᴥ
어느해,ㅇㅓᴥㄴㅡᴥㅎㅐᴥ
어디,ㅇㅓᴥㄷㅣᴥ
어때,ㅇㅓᴥㄸㅐᴥ
어떠한,ㅇㅓᴥㄸㅓᴥㅎㅏㄴᴥ
어떤,ㅇㅓᴥㄸㅓㄴᴥ
어떤것,ㅇㅓᴥㄸㅓㄴᴥㄱㅓㅅᴥ
어떻,ㅇㅓᴥㄸㅓㅎᴥ
어떻게,ㅇㅓᴥㄸㅓㅎᴥㄱㅔᴥ
어려움,ㅇㅓᴥㄹㅕᴥㅇㅜㅁᴥ
어른,ㅇㅓᴥㄹㅡㄴᴥ
어린이,ㅇㅓᴥㄹㅣㄴᴥㅇㅣᴥ
어린이집,ㅇㅓᴥㄹㅣㄴᴥㅇㅣᴥㅈㅣㅂᴥ
어머니,ㅇㅓᴥㅁㅓᴥㄴㅣᴥ
어이,ㅇㅓᴥㅇㅣᴥ
어째서,ㅇㅓᴥㅉㅐᴥㅅㅓᴥ
어쨌든,ㅇㅓᴥㅉㅐㅆᴥㄷㅡㄴᴥ
어찌,ㅇㅓᴥㅉㅣᴥ
어찌됏든,ㅇㅓᴥㅉㅣᴥㄷㅙㅅᴥㄷㅡㄴᴥ
어찌하든지,ㅇㅓᴥㅉㅣᴥㅎㅏᴥㄷㅡㄴᴥㅈㅣᴥ
어찌하여,ㅇㅓᴥㅉㅣᴥㅎㅏᴥㅇㅕᴥ
어촌,ㅇㅓᴥㅊㅗㄴᴥ
억제,ㅇㅓㄱᴥㅈㅔᴥ
언급,ㅇㅓㄴᴥㄱㅡㅂᴥ
언니,ㅇㅓㄴᴥㄴㅣᴥ
언어,ㅇㅓㄴᴥㅇㅓᴥ
언제,ㅇㅓㄴᴥㅈㅔᴥ
언젠가,ㅇㅓㄴᴥㅈㅔㄴᴥㄱㅏᴥ
얼마,ㅇㅓㄹᴥㅁㅏᴥ
얼마간,ㅇㅓㄹᴥㅁㅏᴥㄱㅏㄴᴥ
얼마나,ㅇㅓㄹᴥㅁㅏᴥㄴㅏᴥ
얼마든지,ㅇㅓㄹᴥㅁㅏᴥㄷㅡㄴᴥㅈㅣᴥ
얼마만큼,ㅇㅓㄹᴥㅁㅏᴥㅁㅏㄴᴥㅋㅡㅁᴥ
얼마큼,ㅇㅓㄹᴥㅁㅏᴥㅋㅡㅁᴥ
엄마,ㅇㅓㅁᴥㅁㅏᴥ
업계,ㅇㅓㅂᴥㄱㅖᴥ
업로드,ㅇㅓㅂᴥㄹㅗᴥㄷㅡᴥ
업자,ㅇㅓㅂᴥㅈㅏᴥ
업장,ㅇㅓㅂᴥㅈㅏㅇᴥ
업체,ㅇㅓㅂᴥㅊㅔᴥ
없,ㅇㅓㅄᴥ
없고,ㅇㅓㅄᴥㄱㅗᴥ
엉엉,ㅇㅓㅇᴥㅇㅓㅇᴥ
에,ㅇㅔᴥ
에 가서,ㅇㅔᴥ ㄱㅏᴥㅅㅓᴥ
에게,ㅇㅔᴥㄱㅔᴥ
에서,ㅇㅔᴥㅅㅓᴥ
여,ㅇㅕᴥ
여기,ㅇㅕᴥㄱㅣᴥ
여덟,ㅇㅕᴥㄷㅓㄼᴥ
여러분,ㅇㅕᴥㄹㅓᴥㅂㅜㄴᴥ
여보시오,ㅇㅕᴥㅂㅗᴥㅅㅣᴥㅇㅗᴥ
여부,ㅇㅕᴥㅂㅜᴥ
여섯,ㅇㅕᴥㅅㅓㅅᴥ
여성,ㅇㅕᴥㅅㅓㅇᴥ
여인,ㅇㅕᴥㅇㅣㄴᴥ
여자,ㅇㅕᴥㅈㅏᴥ
여전히,ㅇㅕᴥㅈㅓㄴᴥㅎㅣᴥ
여차,ㅇㅕᴥㅊㅏᴥ
여편네,ㅇㅕᴥㅍㅕㄴᴥㄴㅔᴥ
여행,ㅇㅕᴥㅎㅐㅇᴥ
역,ㅇㅕㄱᴥ
역할,ㅇㅕㄱᴥㅎㅏㄹᴥ
연간,ㅇㅕㄴᴥㄱㅏㄴᴥ
연결,ㅇㅕㄴᴥㄱㅕㄹᴥ
연구,ㅇㅕㄴᴥㄱㅜᴥ
연산,ㅇㅕㄴᴥㅅㅏㄴᴥ
연속,ㅇㅕㄴᴥㅅㅗㄱᴥ
연쇄,ㅇㅕㄴᴥㅅㅙᴥ
연이서,ㅇㅕㄴᴥㅇㅣᴥㅅㅓᴥ
연장,ㅇㅕㄴᴥㅈㅏㅇᴥ
열,ㅇㅕㄹᴥ
열기,ㅇㅕㄹᴥㄱㅣᴥ
엽,ㅇㅕㅂᴥ
영,ㅇㅕㅇᴥ
영구,ㅇㅕㅇᴥㄱㅜᴥ
영역,ㅇㅕㅇᴥㅇㅕㄱᴥ
영차,ㅇㅕㅇᴥㅊㅏᴥ
영향,ㅇㅕㅇᴥㅎㅑㅇᴥ
옆사람,ㅇㅕㅍᴥㅅㅏᴥㄹㅏㅁᴥ
예,ㅇㅖᴥ
예상,ㅇㅖᴥㅅㅏㅇᴥ
예시,ㅇㅖᴥㅅㅣᴥ
예외,ㅇㅖᴥㅇㅚᴥ
예전,ㅇㅖᴥㅈㅓㄴᴥ
예컨대,ㅇㅖᴥㅋㅓㄴᴥㄷㅐᴥ
예하면,ㅇㅖᴥㅎㅏᴥㅁㅕㄴᴥ
옛,ㅇㅖㅅᴥ
옛날,ㅇㅖㅅᴥㄴㅏㄹᴥ
오,ㅇㅗᴥ
오늘,ㅇㅗᴥㄴㅡㄹᴥ
오늘날,ㅇㅗᴥㄴㅡㄹᴥㄴㅏㄹᴥ
오라버니,ㅇㅗᴥㄹㅏᴥㅂㅓᴥㄴㅣᴥ
오르다,ㅇㅗᴥㄹㅡᴥㄷㅏᴥ
오른쪽,ㅇㅗᴥㄹㅡㄴᴥㅉㅗㄱᴥ
오빠,ㅇㅗᴥㅃㅏᴥ
오전,ㅇㅗᴥㅈㅓㄴᴥ
오픈,ㅇㅗᴥㅍㅡㄴᴥ
오호,ㅇㅗᴥㅎㅗᴥ
오후,ㅇㅗᴥㅎㅜᴥ
온점,ㅇㅗㄴᴥㅈㅓㅁᴥ
옷,ㅇㅗㅅᴥ
옹호,ㅇㅗㅇᴥㅎㅗᴥ
와,ㅇㅘᴥ
와르르,ㅇㅘᴥㄹㅡᴥㄹㅡᴥ
와의,ㅇㅘᴥㅇㅢᴥ
완료,ㅇㅘㄴᴥㄹㅛᴥ
완만,ㅇㅘㄴᴥㅁㅏㄴᴥ
완벽,ㅇㅘㄴᴥㅂㅕㄱᴥ
완성,ㅇㅘㄴᴥㅅㅓㅇᴥ
완수,ㅇㅘㄴᴥㅅㅜᴥ
완화,ㅇㅘㄴᴥㅎㅘᴥ
왜,ㅇㅙᴥ
외국,ㅇㅚᴥㄱㅜㄱᴥ
외부,ㅇㅚᴥㅂㅜᴥ
외에도,ㅇㅚᴥㅇㅔᴥㄷㅗᴥ
왼쪽,ㅇㅚㄴᴥㅉㅗㄱᴥ
요구,ㅇㅛᴥㄱㅜᴥ
요리조리,ㅇㅛᴥㄹㅣᴥㅈㅗᴥㄹㅣᴥ
요만한걸,ㅇㅛᴥㅁㅏㄴᴥㅎㅏㄴᴥㄱㅓㄹᴥ
요소,ㅇㅛᴥㅅㅗᴥ
요약,ㅇㅛᴥㅇㅑㄱᴥ
요원,ㅇㅛᴥㅇㅝㄴᴥ
요인,ㅇㅛᴥㅇㅣㄴᴥ
요일,ㅇㅛᴥㅇㅣㄹᴥ
요컨대,ㅇㅛᴥㅋㅓㄴᴥㄷㅐᴥ
용도,ㅇㅛㅇᴥㄷㅗᴥ
용어,ㅇㅛㅇᴥㅇㅓᴥ
용이,ㅇㅛㅇᴥㅇㅣᴥ
용인,ㅇㅛㅇᴥㅇㅣㄴᴥ
용품,ㅇㅛㅇᴥㅍㅜㅁᴥ
우,ㅇㅜᴥ
우르르,ㅇㅜᴥㄹㅡᴥㄹㅡᴥ
우리,ㅇㅜᴥㄹㅣᴥ
우선,ㅇㅜᴥㅅㅓㄴᴥ
우수,ㅇㅜᴥㅅㅜᴥ
우위,ㅇㅜᴥㅇㅟᴥ
운동,ㅇㅜㄴᴥㄷㅗㅇᴥ
운영,ㅇㅜㄴᴥㅇㅕㅇᴥ
운운,ㅇㅜㄴᴥㅇㅜㄴᴥ
원,ㅇㅝㄴᴥ
원래,ㅇㅝㄴᴥㄹㅐᴥ
원리,ㅇㅝㄴᴥㄹㅣᴥ
원본,ㅇㅝㄴᴥㅂㅗㄴᴥ
원인,ㅇㅝㄴᴥㅇㅣㄴᴥ
원자,ㅇㅝㄴᴥㅈㅏᴥ
원활,ㅇㅝㄴᴥㅎㅘㄹᴥ
월,ㅇㅝㄹᴥ
위,ㅇㅟᴥ
위에서,ㅇㅟᴥㅇㅔᴥㅅㅓᴥ
위치,ㅇㅟᴥㅊㅣᴥ
위하,ㅇㅟᴥㅎㅏᴥ
위하여,ㅇㅟᴥㅎㅏᴥㅇㅕᴥ
위해서,ㅇㅟᴥㅎㅐᴥㅅㅓᴥ
위협,ㅇㅟᴥㅎㅕㅂᴥ
윙윙,ㅇㅟㅇᴥㅇㅟㅇᴥ
유,ㅇㅠᴥ
유료,ㅇㅠᴥㄹㅛᴥ
유리,ㅇㅠᴥㄹㅣᴥ
유용,ㅇㅠᴥㅇㅛㅇᴥ
유일,ㅇㅠᴥㅇㅣㄹᴥ
유전,ㅇㅠᴥㅈㅓㄴᴥ
유지,ㅇㅠᴥㅈㅣᴥ
유추,ㅇㅠᴥㅊㅜᴥ
유치원,ㅇㅠᴥㅊㅣᴥㅇㅝㄴᴥ
유형,ㅇㅠᴥㅎㅕㅇᴥ
유효,ㅇㅠᴥㅎㅛᴥ
육,ㅇㅠㄱᴥ
육신,ㅇㅠㄱᴥㅅㅣㄴᴥ
육안,ㅇㅠㄱᴥㅇㅏㄴᴥ
윤,ㅇㅠㄴᴥ
으로,ㅇㅡᴥㄹㅗᴥ
으로써,ㅇㅡᴥㄹㅗᴥㅆㅓᴥ
은,ㅇㅡㄴᴥ
을,ㅇㅡㄹᴥ
을 ,ㅇㅡㄹᴥ 
음식,ㅇㅡㅁᴥㅅㅣㄱᴥ
응,ㅇㅡㅇᴥ
응답,ㅇㅡㅇᴥㄷㅏㅂᴥ
응당,ㅇㅡㅇᴥㄷㅏㅇᴥ
응용,ㅇㅡㅇᴥㅇㅛㅇᴥ
의,ㅇㅢᴥ
의거하여,ㅇㅢᴥㄱㅓᴥㅎㅏᴥㅇㅕᴥ
의도,ㅇㅢᴥㄷㅗᴥ
의문,ㅇㅢᴥㅁㅜㄴᴥ
의미,ㅇㅢᴥㅁㅣᴥ
의사,ㅇㅢᴥㅅㅏᴥ
의상,ㅇㅢᴥㅅㅏㅇᴥ
의식,ㅇㅢᴥㅅㅣㄱᴥ
의지하여,ㅇㅢᴥㅈㅣᴥㅎㅏᴥㅇㅕᴥ
의해,ㅇㅢᴥㅎㅐᴥ
의해되다,ㅇㅢᴥㅎㅐᴥㄷㅚᴥㄷㅏᴥ
의해서,ㅇㅢᴥㅎㅐᴥㅅㅓᴥ
이,ㅇㅣᴥ
이곳,ㅇㅣᴥㄱㅗㅅᴥ
이동,ㅇㅣᴥㄷㅗㅇᴥ
이동한,ㅇㅣᴥㄷㅗㅇᴥㅎㅏㄴᴥ
이래,ㅇㅣᴥㄹㅐᴥ
이러한,ㅇㅣᴥㄹㅓᴥㅎㅏㄴᴥ
이런,ㅇㅣᴥㄹㅓㄴᴥ
이럴정도,ㅇㅣᴥㄹㅓㄹᴥㅈㅓㅇᴥㄷㅗᴥ
이론,ㅇㅣᴥㄹㅗㄴᴥ
이르기까지,ㅇㅣᴥㄹㅡᴥㄱㅣᴥㄲㅏᴥㅈㅣᴥ
이름,ㅇㅣᴥㄹㅡㅁᴥ
이리,ㅇㅣᴥㄹㅣᴥ
이리저리,ㅇㅣᴥㄹㅣᴥㅈㅓᴥㄹㅣᴥ
이리하여,ㅇㅣᴥㄹㅣᴥㅎㅏᴥㅇㅕᴥ
이모,ㅇㅣᴥㅁㅗᴥ
이모부,ㅇㅣᴥㅁㅗᴥㅂㅜᴥ
이미,ㅇㅣᴥㅁㅣᴥ
이미지,ㅇㅣᴥㅁㅣᴥㅈㅣᴥ
이번,ㅇㅣᴥㅂㅓㄴᴥ
이봐,ㅇㅣᴥㅂㅘᴥ
이사,ㅇㅣᴥㅅㅏᴥ
이상,ㅇㅣᴥㅅㅏㅇᴥ
이야기,ㅇㅣᴥㅇㅑᴥㄱㅣᴥ
이어서,ㅇㅣᴥㅇㅓᴥㅅㅓᴥ
이었다,ㅇㅣᴥㅇㅓㅆᴥㄷㅏᴥ
이와,ㅇㅣᴥㅇㅘᴥ
이외,ㅇㅣᴥㅇㅚᴥ
이외에도,ㅇㅣᴥㅇㅚᴥㅇㅔᴥㄷㅗᴥ
이용,ㅇㅣᴥㅇㅛㅇᴥ
이용하여,ㅇㅣᴥㅇㅛㅇᴥㅎㅏᴥㅇㅕᴥ
이웃,ㅇㅣᴥㅇㅜㅅᴥ
이유,ㅇㅣᴥㅇㅠᴥ
이익,ㅇㅣᴥㅇㅣㄱᴥ
이전,ㅇㅣᴥㅈㅓㄴᴥ
이제,ㅇㅣᴥㅈㅔᴥ
이젠,ㅇㅣᴥㅈㅔㄴᴥ
이중,ㅇㅣᴥㅈㅜㅇᴥ
이지만,ㅇㅣᴥㅈㅣᴥㅁㅏㄴᴥ
이천,ㅇㅣᴥㅊㅓㄴᴥ
이천이십,ㅇㅣᴥㅊㅓㄴᴥㅇㅣᴥㅅㅣㅂᴥ
이투,ㅇㅣᴥㅌㅜᴥ
이틀,ㅇㅣᴥㅌㅡㄹᴥ
이하,ㅇㅣᴥㅎㅏᴥ
이해,ㅇㅣᴥㅎㅐᴥ
이혼,ㅇㅣᴥㅎㅗㄴᴥ
이후,ㅇㅣᴥㅎㅜᴥ
인,ㅇㅣㄴᴥ
인도,ㅇㅣㄴᴥㄷㅗᴥ
인듯하다,ㅇㅣㄴᴥㄷㅡㅅᴥㅎㅏᴥㄷㅏᴥ
인력,ㅇㅣㄴᴥㄹㅕㄱᴥ
인물,ㅇㅣㄴᴥㅁㅜㄹᴥ
인서,ㅇㅣㄴᴥㅅㅓᴥ
인수,ㅇㅣㄴᴥㅅㅜᴥ
인용,ㅇㅣㄴᴥㅇㅛㅇᴥ
인원,ㅇㅣㄴᴥㅇㅝㄴᴥ
인자,ㅇㅣㄴᴥㅈㅏᴥ
인접,ㅇㅣㄴᴥㅈㅓㅂᴥ
인젠,ㅇㅣㄴᴥㅈㅔㄴᴥ
인증,ㅇㅣㄴᴥㅈㅡㅇᴥ
일,ㅇㅣㄹᴥ
일것이다,ㅇㅣㄹᴥㄱㅓㅅᴥㅇㅣᴥㄷㅏᴥ
일곱,ㅇㅣㄹᴥㄱㅗㅂᴥ
일당,ㅇㅣㄹᴥㄷㅏㅇᴥ
일때,ㅇㅣㄹᴥㄸㅐᴥ
일반,ㅇㅣㄹᴥㅂㅏㄴᴥ
일보,ㅇㅣㄹᴥㅂㅗᴥ
일부,ㅇㅣㄹᴥㅂㅜᴥ
일부분,ㅇㅣㄹᴥㅂㅜᴥㅂㅜㄴᴥ
일상,ㅇㅣㄹᴥㅅㅏㅇᴥ
일수,ㅇㅣㄹᴥㅅㅜᴥ
일시,ㅇㅣㄹᴥㅅㅣᴥ
일자,ㅇㅣㄹᴥㅈㅏᴥ
일정,ㅇㅣㄹᴥㅈㅓㅇᴥ
일조,ㅇㅣㄹᴥㅈㅗᴥ
일주일,ㅇㅣㄹᴥㅈㅜᴥㅇㅣㄹᴥ
일지라도,ㅇㅣㄹᴥㅈㅣᴥㄹㅏᴥㄷㅗᴥ
일찍이,ㅇㅣㄹᴥㅉㅣㄱᴥㅇㅣᴥ
일치,ㅇㅣㄹᴥㅊㅣᴥ
임,ㅇㅣㅁᴥ
임무,ㅇㅣㅁᴥㅁㅜᴥ
임원,ㅇㅣㅁᴥㅇㅝㄴᴥ
임의,ㅇㅣㅁᴥㅇㅢᴥ
임직원,ㅇㅣㅁᴥㅈㅣㄱᴥㅇㅝㄴᴥ
임포,ㅇㅣㅁᴥㅍㅗᴥ
입각하여,ㅇㅣㅂᴥㄱㅏㄱᴥㅎㅏᴥㅇㅕᴥ
입력,ㅇㅣㅂᴥㄹㅕㄱᴥ
입장,ㅇㅣㅂᴥㅈㅏㅇᴥ
입장에서,ㅇㅣㅂᴥㅈㅏㅇᴥㅇㅔᴥㅅㅓᴥ
입출력,ㅇㅣㅂᴥㅊㅜㄹᴥㄹㅕㄱᴥ
잇따라,ㅇㅣㅅᴥㄸㅏᴥㄹㅏᴥ
있다,ㅇㅣㅆᴥㄷㅏᴥ
자,ㅈㅏᴥ
자기,ㅈㅏᴥㄱㅣᴥ
자동,ㅈㅏᴥㄷㅗㅇᴥ
자동예상,ㅈㅏᴥㄷㅗㅇᴥㅇㅖᴥㅅㅏㅇᴥ
자료,ㅈㅏᴥㄹㅛᴥ
자리,ㅈㅏᴥㄹㅣᴥ
자마자,ㅈㅏᴥㅁㅏᴥㅈㅏᴥ
자면,ㅈㅏᴥㅁㅕㄴᴥ
자손,ㅈㅏᴥㅅㅗㄴᴥ
자식,ㅈㅏᴥㅅㅣㄱᴥ
자신,ㅈㅏᴥㅅㅣㄴᴥ
자연,ㅈㅏᴥㅇㅕㄴᴥ
자연수,ㅈㅏᴥㅇㅕㄴᴥㅅㅜᴥ
자유,ㅈㅏᴥㅇㅠᴥ
자체,ㅈㅏᴥㅊㅔᴥ
자판기,ㅈㅏᴥㅍㅏㄴᴥㄱㅣᴥ
작가,ㅈㅏㄱᴥㄱㅏᴥ
작동,ㅈㅏㄱᴥㄷㅗㅇᴥ
작성,ㅈㅏㄱᴥㅅㅓㅇᴥ
작업,ㅈㅏㄱᴥㅇㅓㅂᴥ
작용,ㅈㅏㄱᴥㅇㅛㅇᴥ
작은형,ㅈㅏㄱᴥㅇㅡㄴᴥㅎㅕㅇᴥ
작음,ㅈㅏㄱᴥㅇㅡㅁᴥ
작품,ㅈㅏㄱᴥㅍㅜㅁᴥ
잘,ㅈㅏㄹᴥ
잠깐,ㅈㅏㅁᴥㄲㅏㄴᴥ
잠시,ㅈㅏㅁᴥㅅㅣᴥ
장,ㅈㅏㅇᴥ
장기,ㅈㅏㅇᴥㄱㅣᴥ
장난,ㅈㅏㅇᴥㄴㅏㄴᴥ
장남,ㅈㅏㅇᴥㄴㅏㅁᴥ
장녀,ㅈㅏㅇᴥㄴㅕᴥ
장비,ㅈㅏㅇᴥㅂㅣᴥ
장소,ㅈㅏㅇᴥㅅㅗᴥ
장애,ㅈㅏㅇᴥㅇㅐᴥ
장애물,ㅈㅏㅇᴥㅇㅐᴥㅁㅜㄹᴥ
장점,ㅈㅏㅇᴥㅈㅓㅁᴥ
장치,ㅈㅏㅇᴥㅊㅣᴥ
재량,ㅈㅐᴥㄹㅑㅇᴥ
재미,ㅈㅐᴥㅁㅣᴥ
저,ㅈㅓᴥ
저것,ㅈㅓᴥㄱㅓㅅᴥ
저것만큼,ㅈㅓᴥㄱㅓㅅᴥㅁㅏㄴᴥㅋㅡㅁᴥ
저기,ㅈㅓᴥㄱㅣᴥ
저녁,ㅈㅓᴥㄴㅕㄱᴥ
저리,ㅈㅓᴥㄹㅣᴥ
저자,ㅈㅓᴥㅈㅏᴥ
저작,ㅈㅓᴥㅈㅏㄱᴥ
저장,ㅈㅓᴥㅈㅏㅇᴥ
저쪽,ㅈㅓᴥㅉㅗㄱᴥ
저해,ㅈㅓᴥㅎㅐᴥ
저희,ㅈㅓᴥㅎㅢᴥ
적,ㅈㅓㄱᴥ
적용,ㅈㅓㄱᴥㅇㅛㅇᴥ
전,ㅈㅓㄴᴥ
전개,ㅈㅓㄴᴥㄱㅐᴥ
전달,ㅈㅓㄴᴥㄷㅏㄹᴥ
전략,ㅈㅓㄴᴥㄹㅑㄱᴥ
전문가,ㅈㅓㄴᴥㅁㅜㄴᴥㄱㅏᴥ
전문점,ㅈㅓㄴᴥㅁㅜㄴᴥㅈㅓㅁᴥ
전방,ㅈㅓㄴᴥㅂㅏㅇᴥ
전부,ㅈㅓㄴᴥㅂㅜᴥ
전자,ㅈㅓㄴᴥㅈㅏᴥ
전체,ㅈㅓㄴᴥㅊㅔᴥ
전형,ㅈㅓㄴᴥㅎㅕㅇᴥ
전후,ㅈㅓㄴᴥㅎㅜᴥ
절대,ㅈㅓㄹᴥㄷㅐᴥ
절반,ㅈㅓㄹᴥㅂㅏㄴᴥ
절차,ㅈㅓㄹᴥㅊㅏᴥ
점,ㅈㅓㅁᴥ
점에서,ㅈㅓㅁᴥㅇㅔᴥㅅㅓᴥ
점진,ㅈㅓㅁᴥㅈㅣㄴᴥ
접근,ㅈㅓㅂᴥㄱㅡㄴᴥ
접속,ㅈㅓㅂᴥㅅㅗㄱᴥ
접시,ㅈㅓㅂᴥㅅㅣᴥ
정녕,ㅈㅓㅇᴥㄴㅕㅇᴥ
정도,ㅈㅓㅇᴥㄷㅗᴥ
정렬,ㅈㅓㅇᴥㄹㅕㄹᴥ
정리,ㅈㅓㅇᴥㄹㅣᴥ
정립,ㅈㅓㅇᴥㄹㅣㅂᴥ
정말,ㅈㅓㅇᴥㅁㅏㄹᴥ
정보,ㅈㅓㅇᴥㅂㅗᴥ
정부,ㅈㅓㅇᴥㅂㅜᴥ
정상,ㅈㅓㅇᴥㅅㅏㅇᴥ
정수,ㅈㅓㅇᴥㅅㅜᴥ
정신,ㅈㅓㅇᴥㅅㅣㄴᴥ
정오,ㅈㅓㅇᴥㅇㅗᴥ
정의,ㅈㅓㅇᴥㅇㅢᴥ
정책,ㅈㅓㅇᴥㅊㅐㄱᴥ
정확,ㅈㅓㅇᴥㅎㅘㄱᴥ
제,ㅈㅔᴥ
제각기,ㅈㅔᴥㄱㅏㄱᴥㄱㅣᴥ
제거,ㅈㅔᴥㄱㅓᴥ
제공,ㅈㅔᴥㄱㅗㅇᴥ
제목,ㅈㅔᴥㅁㅗㄱᴥ
제발,ㅈㅔᴥㅂㅏㄹᴥ
제외,ㅈㅔᴥㅇㅚᴥ
제외하고,ㅈㅔᴥㅇㅚᴥㅎㅏᴥㄱㅗᴥ
제작,ㅈㅔᴥㅈㅏㄱᴥ
제조,ㅈㅔᴥㅈㅗᴥ
제품,ㅈㅔᴥㅍㅜㅁᴥ
제휴,ㅈㅔᴥㅎㅠᴥ
조,ㅈㅗᴥ
조각,ㅈㅗᴥㄱㅏㄱᴥ
조건,ㅈㅗᴥㄱㅓㄴᴥ
조금,ㅈㅗᴥㄱㅡㅁᴥ
조립,ㅈㅗᴥㄹㅣㅂᴥ
조사,ㅈㅗᴥㅅㅏᴥ
조절,ㅈㅗᴥㅈㅓㄹᴥ
조정,ㅈㅗᴥㅈㅓㅇᴥ
조직,ㅈㅗᴥㅈㅣㄱᴥ
조차,ㅈㅗᴥㅊㅏᴥ
조차도,ㅈㅗᴥㅊㅏᴥㄷㅗᴥ
존재,ㅈㅗㄴᴥㅈㅐᴥ
졸졸,ㅈㅗㄹᴥㅈㅗㄹᴥ
좀,ㅈㅗㅁᴥ
종,ㅈㅗㅇᴥ
종료,ㅈㅗㅇᴥㄹㅛᴥ
종류,ㅈㅗㅇᴥㄹㅠᴥ
종일,ㅈㅗㅇᴥㅇㅣㄹᴥ
종착점,ㅈㅗㅇᴥㅊㅏㄱᴥㅈㅓㅁᴥ
종합,ㅈㅗㅇᴥㅎㅏㅂᴥ
좋,ㅈㅗㅎᴥ
좌,ㅈㅘᴥ
좍좍,ㅈㅘㄱᴥㅈㅘㄱᴥ
주,ㅈㅜᴥ
주관,ㅈㅜᴥㄱㅘㄴᴥ
주기,ㅈㅜᴥㄱㅣᴥ
주룩주룩,ㅈㅜᴥㄹㅜㄱᴥㅈㅜᴥㄹㅜㄱᴥ
주류,ㅈㅜᴥㄹㅠᴥ
주목,ㅈㅜᴥㅁㅗㄱᴥ
주문,ㅈㅜᴥㅁㅜㄴᴥ
주방,ㅈㅜᴥㅂㅏㅇᴥ
주변,ㅈㅜᴥㅂㅕㄴᴥ
주소,ㅈㅜᴥㅅㅗᴥ
주요,ㅈㅜᴥㅇㅛᴥ
주요한,ㅈㅜᴥㅇㅛᴥㅎㅏㄴᴥ
주의,ㅈㅜᴥㅇㅢᴥ
주의자,ㅈㅜᴥㅇㅢᴥㅈㅏᴥ
주인,ㅈㅜᴥㅇㅣㄴᴥ
주저하지,ㅈㅜᴥㅈㅓᴥㅎㅏᴥㅈㅣᴥ
주제,ㅈㅜᴥㅈㅔᴥ
주차,ㅈㅜᴥㅊㅏᴥ
죽,ㅈㅜㄱᴥ
준비,ㅈㅜㄴᴥㅂㅣᴥ
준시,ㅈㅜㄴᴥㅅㅣᴥ
줄,ㅈㅜㄹᴥ
줄은,ㅈㅜㄹᴥㅇㅡㄴᴥ
줄은모른다,ㅈㅜㄹᴥㅇㅡㄴᴥㅁㅗᴥㄹㅡㄴᴥㄷㅏᴥ
중,ㅈㅜㅇᴥ
중간,ㅈㅜㅇᴥㄱㅏㄴᴥ
중대,ㅈㅜㅇᴥㄷㅐᴥ
중독,ㅈㅜㅇᴥㄷㅗㄱᴥ
중략,ㅈㅜㅇᴥㄹㅑㄱᴥ
중반,ㅈㅜㅇᴥㅂㅏㄴᴥ
중복,ㅈㅜㅇᴥㅂㅗㄱᴥ
중소,ㅈㅜㅇᴥㅅㅗᴥ
중심,ㅈㅜㅇᴥㅅㅣㅁᴥ
중에서,ㅈㅜㅇᴥㅇㅔᴥㅅㅓᴥ
중요,ㅈㅜㅇᴥㅇㅛᴥ
중요한,ㅈㅜㅇᴥㅇㅛᴥㅎㅏㄴᴥ
중장기,ㅈㅜㅇᴥㅈㅏㅇᴥㄱㅣᴥ
중지,ㅈㅜㅇᴥㅈㅣᴥ
중학교,ㅈㅜㅇᴥㅎㅏㄱᴥㄱㅛᴥ
중학생,ㅈㅜㅇᴥㅎㅏㄱᴥㅅㅐㅇᴥ
즈,ㅈㅡᴥ
즈음하여,ㅈㅡᴥㅇㅡㅁᴥㅎㅏᴥㅇㅕᴥ
즉,ㅈㅡㄱᴥ
즉시,ㅈㅡㄱᴥㅅㅣᴥ
증가,ㅈㅡㅇᴥㄱㅏᴥ
지,ㅈㅣᴥ
지금,ㅈㅣᴥㄱㅡㅁᴥ
지든지,ㅈㅣᴥㄷㅡㄴᴥㅈㅣᴥ
지만,ㅈㅣᴥㅁㅏㄴᴥ
지말고,ㅈㅣᴥㅁㅏㄹᴥㄱㅗᴥ
지방,ㅈㅣᴥㅂㅏㅇᴥ
지속,ㅈㅣᴥㅅㅗㄱᴥ
지수,ㅈㅣᴥㅅㅜᴥ
지시,ㅈㅣᴥㅅㅣᴥ
지식,ㅈㅣᴥㅅㅣㄱᴥ
지역,ㅈㅣᴥㅇㅕㄱᴥ
지원,ㅈㅣᴥㅇㅝㄴᴥ
지음,ㅈㅣᴥㅇㅡㅁᴥ
지점,ㅈㅣᴥㅈㅓㅁᴥ
지정,ㅈㅣᴥㅈㅓㅇᴥ
지침,ㅈㅣᴥㅊㅣㅁᴥ
지탱,ㅈㅣᴥㅌㅐㅇᴥ
지하철,ㅈㅣᴥㅎㅏᴥㅊㅓㄹᴥ
지향,ㅈㅣᴥㅎㅑㅇᴥ
직시,ㅈㅣㄱᴥㅅㅣᴥ
직원,ㅈㅣㄱᴥㅇㅝㄴᴥ
직접,ㅈㅣㄱᴥㅈㅓㅂᴥ
진수,ㅈㅣㄴᴥㅅㅜᴥ
진실,ㅈㅣㄴᴥㅅㅣㄹᴥ
진실로,ㅈㅣㄴᴥㅅㅣㄹᴥㄹㅗᴥ
진짜,ㅈㅣㄴᴥㅉㅏᴥ
진짜로,ㅈㅣㄴᴥㅉㅏᴥㄹㅗᴥ
진행,ㅈㅣㄴᴥㅎㅐㅇᴥ
질문,ㅈㅣㄹᴥㅁㅜㄴᴥ
질의,ㅈㅣㄹᴥㅇㅢᴥ
짐,ㅈㅣㅁᴥ
집,ㅈㅣㅂᴥ
집단,ㅈㅣㅂᴥㄷㅏㄴᴥ
집중,ㅈㅣㅂᴥㅈㅜㅇᴥ
집행,ㅈㅣㅂᴥㅎㅐㅇᴥ
쪽으로,ㅉㅗㄱᴥㅇㅡᴥㄹㅗᴥ
차,ㅊㅏᴥ
차라리,ㅊㅏᴥㄹㅏᴥㄹㅣᴥ
차례,ㅊㅏᴥㄹㅖᴥ
차별,ㅊㅏᴥㅂㅕㄹᴥ
차원,ㅊㅏᴥㅇㅝㄴᴥ
차이,ㅊㅏᴥㅇㅣᴥ
차이점,ㅊㅏᴥㅇㅣᴥㅈㅓㅁᴥ
차지,ㅊㅏᴥㅈㅣᴥ
찰나,ㅊㅏㄹᴥㄴㅏᴥ
참,ㅊㅏㅁᴥ
참고,ㅊㅏㅁᴥㄱㅗᴥ
참인,ㅊㅏㅁᴥㅇㅣㄴᴥ
참조,ㅊㅏㅁᴥㅈㅗᴥ
창,ㅊㅏㅇᴥ
창작,ㅊㅏㅇᴥㅈㅏㄱᴥ
책,ㅊㅐㄱᴥ
책임,ㅊㅐㄱᴥㅇㅣㅁᴥ
챕터,ㅊㅐㅂᴥㅌㅓᴥ
처,ㅊㅓᴥ
처남,ㅊㅓᴥㄴㅏㅁᴥ
처리,ㅊㅓᴥㄹㅣᴥ
처음,ㅊㅓᴥㅇㅡㅁᴥ
천,ㅊㅓㄴᴥ
철저,ㅊㅓㄹᴥㅈㅓᴥ
첨가,ㅊㅓㅁᴥㄱㅏᴥ
첫걸음,ㅊㅓㅅᴥㄱㅓㄹᴥㅇㅡㅁᴥ
첫번,ㅊㅓㅅᴥㅂㅓㄴᴥ
첫번째로,ㅊㅓㅅᴥㅂㅓㄴᴥㅉㅐᴥㄹㅗᴥ
청소년,ㅊㅓㅇᴥㅅㅗᴥㄴㅕㄴᴥ
체계,ㅊㅔᴥㄱㅖᴥ
쳇,ㅊㅔㅅᴥ
초기,ㅊㅗᴥㄱㅣᴥ
초등학생,ㅊㅗᴥㄷㅡㅇᴥㅎㅏㄱᴥㅅㅐㅇᴥ
초반,ㅊㅗᴥㅂㅏㄴᴥ
초보,ㅊㅗᴥㅂㅗᴥ
초점,ㅊㅗᴥㅈㅓㅁᴥ
촉진,ㅊㅗㄱᴥㅈㅣㄴᴥ
촌,ㅊㅗㄴᴥ
총,ㅊㅗㅇᴥ
총각,ㅊㅗㅇᴥㄱㅏㄱᴥ
최,ㅊㅚᴥ
최고,ㅊㅚᴥㄱㅗᴥ
최근,ㅊㅚᴥㄱㅡㄴᴥ
최대,ㅊㅚᴥㄷㅐᴥ
최대한,ㅊㅚᴥㄷㅐᴥㅎㅏㄴᴥ
최상위,ㅊㅚᴥㅅㅏㅇᴥㅇㅟᴥ
최소,ㅊㅚᴥㅅㅗᴥ
최소한,ㅊㅚᴥㅅㅗᴥㅎㅏㄴᴥ
최신,ㅊㅚᴥㅅㅣㄴᴥ
최우수,ㅊㅚᴥㅇㅜᴥㅅㅜᴥ
최저,ㅊㅚᴥㅈㅓᴥ
최종,ㅊㅚᴥㅈㅗㅇᴥ
최초,ㅊㅚᴥㅊㅗᴥ
최후,ㅊㅚᴥㅎㅜᴥ
추,ㅊㅜᴥ
추가,ㅊㅜᴥㄱㅏᴥ
추구,ㅊㅜᴥㄱㅜᴥ
추돌,ㅊㅜᴥㄷㅗㄹᴥ
축소,ㅊㅜㄱᴥㅅㅗᴥ
춘,ㅊㅜㄴᴥ
출력,ㅊㅜㄹᴥㄹㅕㄱᴥ
출물,ㅊㅜㄹᴥㅁㅜㄹᴥ
출발,ㅊㅜㄹᴥㅂㅏㄹᴥ
충격,ㅊㅜㅇᴥㄱㅕㄱᴥ
충돌,ㅊㅜㅇᴥㄷㅗㄹᴥ
충실,ㅊㅜㅇᴥㅅㅣㄹᴥ
충족,ㅊㅜㅇᴥㅈㅗㄱᴥ
취급,ㅊㅟᴥㄱㅡㅂᴥ
측면,ㅊㅡㄱᴥㅁㅕㄴᴥ
측정,ㅊㅡㄱᴥㅈㅓㅇᴥ
층,ㅊㅡㅇᴥ
치,ㅊㅣᴥ
친구,ㅊㅣㄴᴥㄱㅜᴥ
칠,ㅊㅣㄹᴥ
칸,ㅋㅏㄴᴥ
캘린더,ㅋㅐㄹᴥㄹㅣㄴᴥㄷㅓᴥ
캡션,ㅋㅐㅂᴥㅅㅕㄴᴥ
컴,ㅋㅓㅁᴥ
코,ㅋㅗᴥ
콸콸,ㅋㅘㄹᴥㅋㅘㄹᴥ
쿵,ㅋㅜㅇᴥ
쿼터,ㅋㅝᴥㅌㅓᴥ
퀴즈,ㅋㅟᴥㅈㅡᴥ
퀸,ㅋㅟㄴᴥ
크기,ㅋㅡᴥㄱㅣᴥ
키,ㅋㅣᴥ
킹,ㅋㅣㅇᴥ
타다,ㅌㅏᴥㄷㅏᴥ
타인,ㅌㅏᴥㅇㅣㄴᴥ
타임,ㅌㅏᴥㅇㅣㅁᴥ
탓,ㅌㅏㅅᴥ
택시,ㅌㅐㄱᴥㅅㅣᴥ
터,ㅌㅓᴥ
테스트,ㅌㅔᴥㅅㅡᴥㅌㅡᴥ
토대,ㅌㅗᴥㄷㅐᴥ
토리,ㅌㅗᴥㄹㅣᴥ
토지,ㅌㅗᴥㅈㅣᴥ
토하다,ㅌㅗᴥㅎㅏᴥㄷㅏᴥ
톤,ㅌㅗㄴᴥ
통과,ㅌㅗㅇᴥㄱㅘᴥ
통제,ㅌㅗㅇᴥㅈㅔᴥ
통하,ㅌㅗㅇᴥㅎㅏᴥ
통하여,ㅌㅗㅇᴥㅎㅏᴥㅇㅕᴥ
통합,ㅌㅗㅇᴥㅎㅏㅂᴥ
투두,ㅌㅜᴥㄷㅜᴥ
툭,ㅌㅜㄱᴥ
퉤,ㅌㅞᴥ
트,ㅌㅡᴥ
트시,ㅌㅡᴥㅅㅣᴥ
특별,ㅌㅡㄱᴥㅂㅕㄹᴥ
특성,ㅌㅡㄱᴥㅅㅓㅇᴥ
특수,ㅌㅡㄱᴥㅅㅜᴥ
특정,ㅌㅡㄱᴥㅈㅓㅇᴥ
특징,ㅌㅡㄱᴥㅈㅣㅇᴥ
틀,ㅌㅡㄹᴥ
틈타,ㅌㅡㅁᴥㅌㅏᴥ
팀,ㅌㅣㅁᴥ
파,ㅍㅏᴥ
파악,ㅍㅏᴥㅇㅏㄱᴥ
파일,ㅍㅏᴥㅇㅣㄹᴥ
팍,ㅍㅏㄱᴥ
판,ㅍㅏㄴᴥ
판단,ㅍㅏㄴᴥㄷㅏㄴᴥ
판매,ㅍㅏㄴᴥㅁㅐᴥ
팔,ㅍㅏㄹᴥ
퍽,ㅍㅓㄱᴥ
펄렁,ㅍㅓㄹᴥㄹㅓㅇᴥ
편리,ㅍㅕㄴᴥㄹㅣᴥ
편의,ㅍㅕㄴᴥㅇㅢᴥ
평가,ㅍㅕㅇᴥㄱㅏᴥ
평균,ㅍㅕㅇᴥㄱㅠㄴᴥ
평면,ㅍㅕㅇᴥㅁㅕㄴᴥ
포괄,ㅍㅗᴥㄱㅘㄹᴥ
포함,ㅍㅗᴥㅎㅏㅁᴥ
표,ㅍㅛᴥ
표시,ㅍㅛᴥㅅㅣᴥ
표준,ㅍㅛᴥㅈㅜㄴᴥ
표출,ㅍㅛᴥㅊㅜㄹᴥ
표현,ㅍㅛᴥㅎㅕㄴᴥ
품,ㅍㅜㅁᴥ
품목,ㅍㅜㅁᴥㅁㅗㄱᴥ
필,ㅍㅣㄹᴥ
필수,ㅍㅣㄹᴥㅅㅜᴥ
필연,ㅍㅣㄹᴥㅇㅕㄴᴥ
필요,ㅍㅣㄹᴥㅇㅛᴥ
하,ㅎㅏᴥ
하게될것이다,ㅎㅏᴥㄱㅔᴥㄷㅚㄹᴥㄱㅓㅅᴥㅇㅣᴥㄷㅏᴥ
하게하다,ㅎㅏᴥㄱㅔᴥㅎㅏᴥㄷㅏᴥ
하겠는가,ㅎㅏᴥㄱㅔㅆᴥㄴㅡㄴᴥㄱㅏᴥ
하고있었다,ㅎㅏᴥㄱㅗᴥㅇㅣㅆᴥㅇㅓㅆᴥㄷㅏᴥ
하곤하였다,ㅎㅏᴥㄱㅗㄴᴥㅎㅏᴥㅇㅕㅆᴥㄷㅏᴥ
하기,ㅎㅏᴥㄱㅣᴥ
하나,ㅎㅏᴥㄴㅏᴥ
하는,ㅎㅏᴥㄴㅡㄴᴥ
하는것만,ㅎㅏᴥㄴㅡㄴᴥㄱㅓㅅᴥㅁㅏㄴᴥ
하는것이,ㅎㅏᴥㄴㅡㄴᴥㄱㅓㅅᴥㅇㅣᴥ
하는바,ㅎㅏᴥㄴㅡㄴᴥㅂㅏᴥ
하더라도,ㅎㅏᴥㄷㅓᴥㄹㅏᴥㄷㅗᴥ
하도록시키다,ㅎㅏᴥㄷㅗᴥㄹㅗㄱᴥㅅㅣᴥㅋㅣᴥㄷㅏᴥ
하도록하다,ㅎㅏᴥㄷㅗᴥㄹㅗㄱᴥㅎㅏᴥㄷㅏᴥ
하려고하다,ㅎㅏᴥㄹㅕᴥㄱㅗᴥㅎㅏᴥㄷㅏᴥ
하루,ㅎㅏᴥㄹㅜᴥ
하마터면,ㅎㅏᴥㅁㅏᴥㅌㅓᴥㅁㅕㄴᴥ
하면된다,ㅎㅏᴥㅁㅕㄴᴥㄷㅚㄴᴥㄷㅏᴥ
하면서,ㅎㅏᴥㅁㅕㄴᴥㅅㅓᴥ
하물며,ㅎㅏᴥㅁㅜㄹᴥㅁㅕᴥ
하부,ㅎㅏᴥㅂㅜᴥ
하여금,ㅎㅏᴥㅇㅕᴥㄱㅡㅁᴥ
하여야,ㅎㅏᴥㅇㅕᴥㅇㅑᴥ
하위,ㅎㅏᴥㅇㅟᴥ
하인,ㅎㅏᴥㅇㅣㄴᴥ
하자마자,ㅎㅏᴥㅈㅏᴥㅁㅏᴥㅈㅏᴥ
하지,ㅎㅏᴥㅈㅣᴥ
하지마,ㅎㅏᴥㅈㅣᴥㅁㅏᴥ
하지마라,ㅎㅏᴥㅈㅣᴥㅁㅏᴥㄹㅏᴥ
하지만,ㅎㅏᴥㅈㅣᴥㅁㅏㄴᴥ
하하,ㅎㅏᴥㅎㅏᴥ
학교,ㅎㅏㄱᴥㄱㅛᴥ
학문,ㅎㅏㄱᴥㅁㅜㄴᴥ
학생,ㅎㅏㄱᴥㅅㅐㅇᴥ
한,ㅎㅏㄴᴥ
한계,ㅎㅏㄴᴥㄱㅖᴥ
한국인,ㅎㅏㄴᴥㄱㅜㄱᴥㅇㅣㄴᴥ
한다면,ㅎㅏㄴᴥㄷㅏᴥㅁㅕㄴᴥ
한데,ㅎㅏㄴᴥㄷㅔᴥ
한적이있다,ㅎㅏㄴᴥㅈㅓㄱᴥㅇㅣᴥㅇㅣㅆᴥㄷㅏᴥ
한편,ㅎㅏㄴᴥㅍㅕㄴᴥ
할,ㅎㅏㄹᴥ
할당,ㅎㅏㄹᴥㄷㅏㅇᴥ
할때,ㅎㅏㄹᴥㄸㅐᴥ
할만하다,ㅎㅏㄹᴥㅁㅏㄴᴥㅎㅏᴥㄷㅏᴥ
할망정,ㅎㅏㄹᴥㅁㅏㅇᴥㅈㅓㅇᴥ
할머니,ㅎㅏㄹᴥㅁㅓᴥㄴㅣᴥ
할뿐,ㅎㅏㄹᴥㅃㅜㄴᴥ
할수있다,ㅎㅏㄹᴥㅅㅜᴥㅇㅣㅆᴥㄷㅏᴥ
할수있어,ㅎㅏㄹᴥㅅㅜᴥㅇㅣㅆᴥㅇㅓᴥ
할아버지,ㅎㅏㄹᴥㅇㅏᴥㅂㅓᴥㅈㅣᴥ
할줄알다,ㅎㅏㄹᴥㅈㅜㄹᴥㅇㅏㄹᴥㄷㅏᴥ
할지라도,ㅎㅏㄹᴥㅈㅣᴥㄹㅏᴥㄷㅗᴥ
할지언정,ㅎㅏㄹᴥㅈㅣᴥㅇㅓㄴᴥㅈㅓㅇᴥ
함,ㅎㅏㅁᴥ
함께,ㅎㅏㅁᴥㄲㅔᴥ
합,ㅎㅏㅂᴥ
합격,ㅎㅏㅂᴥㄱㅕㄱᴥ
합리,ㅎㅏㅂᴥㄹㅣᴥ
합불,ㅎㅏㅂᴥㅂㅜㄹᴥ
항,ㅎㅏㅇᴥ
항목,ㅎㅏㅇᴥㅁㅗㄱᴥ
항상,ㅎㅏㅇᴥㅅㅏㅇᴥ
해,ㅎㅐᴥ
해결,ㅎㅐᴥㄱㅕㄹᴥ
해당,ㅎㅐᴥㄷㅏㅇᴥ
해도,ㅎㅐᴥㄷㅗᴥ
해도된다,ㅎㅐᴥㄷㅗᴥㄷㅚㄴᴥㄷㅏᴥ
해도좋다,ㅎㅐᴥㄷㅗᴥㅈㅗㅎᴥㄷㅏᴥ
해봐요,ㅎㅐᴥㅂㅘᴥㅇㅛᴥ
해석,ㅎㅐᴥㅅㅓㄱᴥ
해소,ㅎㅐᴥㅅㅗᴥ
해야한다,ㅎㅐᴥㅇㅑᴥㅎㅏㄴᴥㄷㅏᴥ
해요,ㅎㅐᴥㅇㅛᴥ
핵심,ㅎㅐㄱᴥㅅㅣㅁᴥ
했,ㅎㅐㅆᴥ
했어요,ㅎㅐㅆᴥㅇㅓᴥㅇㅛᴥ
행동,ㅎㅐㅇᴥㄷㅗㅇᴥ
행사,ㅎㅐㅇᴥㅅㅏᴥ
행위,ㅎㅐㅇᴥㅇㅟᴥ
향하다,ㅎㅑㅇᴥㅎㅏᴥㄷㅏᴥ
향하여,ㅎㅑㅇᴥㅎㅏᴥㅇㅕᴥ
향해서,ㅎㅑㅇᴥㅎㅐᴥㅅㅓᴥ
허,ㅎㅓᴥ
허걱,ㅎㅓᴥㄱㅓㄱᴥ
허용,ㅎㅓᴥㅇㅛㅇᴥ
허허,ㅎㅓᴥㅎㅓᴥ
헉,ㅎㅓㄱᴥ
헉헉,ㅎㅓㄱᴥㅎㅓㄱᴥ
헐떡헐떡,ㅎㅓㄹᴥㄸㅓㄱᴥㅎㅓㄹᴥㄸㅓㄱᴥ
혁신,ㅎㅕㄱᴥㅅㅣㄴᴥ
현대,ㅎㅕㄴᴥㄷㅐᴥ
현상,ㅎㅕㄴᴥㅅㅏㅇᴥ
현실,ㅎㅕㄴᴥㅅㅣㄹᴥ
현재,ㅎㅕㄴᴥㅈㅐᴥ
형,ㅎㅕㅇᴥ
형성,ㅎㅕㅇᴥㅅㅓㅇᴥ
형식,ㅎㅕㅇᴥㅅㅣㄱᴥ
형식으로,ㅎㅕㅇᴥㅅㅣㄱᴥㅇㅡᴥㄹㅗᴥ
형제,ㅎㅕㅇᴥㅈㅔᴥ
형태,ㅎㅕㅇᴥㅌㅐᴥ
호,ㅎㅗᴥ
호명,ㅎㅗᴥㅁㅕㅇᴥ
호출,ㅎㅗᴥㅊㅜㄹᴥ
혹시,ㅎㅗㄱᴥㅅㅣᴥ
혹은,ㅎㅗㄱᴥㅇㅡㄴᴥ
혼,ㅎㅗㄴᴥ
혼동,ㅎㅗㄴᴥㄷㅗㅇᴥ
혼자,ㅎㅗㄴᴥㅈㅏᴥ
혼합,ㅎㅗㄴᴥㅎㅏㅂᴥ
화,ㅎㅘᴥ
화려,ㅎㅘᴥㄹㅕᴥ
화면,ㅎㅘᴥㅁㅕㄴᴥ
확대,ㅎㅘㄱᴥㄷㅐᴥ
확립,ㅎㅘㄱᴥㄹㅣㅂᴥ
확보,ㅎㅘㄱᴥㅂㅗᴥ
확인,ㅎㅘㄱᴥㅇㅣㄴᴥ
확장,ㅎㅘㄱᴥㅈㅏㅇᴥ
환경,ㅎㅘㄴᴥㄱㅕㅇᴥ
활동,ㅎㅘㄹᴥㄷㅗㅇᴥ
활용,ㅎㅘㄹᴥㅇㅛㅇᴥ
황,ㅎㅘㅇᴥ
회사,ㅎㅚᴥㅅㅏᴥ
효과,ㅎㅛᴥㄱㅘᴥ
후,ㅎㅜᴥ
후기,ㅎㅜᴥㄱㅣᴥ
후략,ㅎㅜᴥㄹㅑㄱᴥ
후반,ㅎㅜᴥㅂㅏㄴᴥ
후방,ㅎㅜᴥㅂㅏㅇᴥ
훨씬,ㅎㅝㄹᴥㅆㅣㄴᴥ
휘익,ㅎㅟᴥㅇㅣㄱᴥ
휴,ㅎㅠᴥ
흐름,ㅎㅡᴥㄹㅡㅁᴥ
흐흐,ㅎㅡᴥㅎㅡᴥ
흥,ㅎㅡㅇᴥ
힘,ㅎㅣㅁᴥ
힘입어,ㅎㅣㅁᴥㅇㅣㅂᴥㅇㅓᴥ
